Sexo;Provincias;Periodo;Total
Ambos sexos;02 Albacete;2023;83,61
Ambos sexos;02 Albacete;2022;82,99
Ambos sexos;02 Albacete;2021;83,21
Ambos sexos;02 Albacete;2020;81,36
Ambos sexos;02 Albacete;2019;83,31
Ambos sexos;02 Albacete;2018;83,36
Ambos sexos;02 Albacete;2017;83,47
Ambos sexos;02 Albacete;2016;83,14
Ambos sexos;02 Albacete;2015;82,87
Ambos sexos;02 Albacete;2014;82,66
Ambos sexos;02 Albacete;2013;82,84
Ambos sexos;02 Albacete;2012;82,65
Ambos sexos;02 Albacete;2011;82,43
Ambos sexos;02 Albacete;2010;82,65
Ambos sexos;02 Albacete;2009;81,81
Ambos sexos;02 Albacete;2008;81,84
Ambos sexos;02 Albacete;2007;81,58
Ambos sexos;02 Albacete;2006;81,55
Ambos sexos;02 Albacete;2005;80,87
Ambos sexos;02 Albacete;2004;81,11
Ambos sexos;02 Albacete;2003;80,20
Ambos sexos;02 Albacete;2002;80,62
Ambos sexos;02 Albacete;2001;80,37
Ambos sexos;02 Albacete;2000;79,94
Ambos sexos;02 Albacete;1999;80,09
Ambos sexos;02 Albacete;1998;79,13
Ambos sexos;02 Albacete;1997;79,46
Ambos sexos;02 Albacete;1996;78,88
Ambos sexos;02 Albacete;1995;79,18
Ambos sexos;02 Albacete;1994;78,44
Ambos sexos;02 Albacete;1993;77,69
Ambos sexos;02 Albacete;1992;78,03
Ambos sexos;02 Albacete;1991;77,62
Ambos sexos;02 Albacete;1990;78,33
Ambos sexos;02 Albacete;1989;77,32
Ambos sexos;02 Albacete;1988;77,38
Ambos sexos;02 Albacete;1987;77,23
Ambos sexos;02 Albacete;1986;76,84
Ambos sexos;02 Albacete;1985;76,46
Ambos sexos;02 Albacete;1984;76,55
Ambos sexos;02 Albacete;1983;75,95
Ambos sexos;02 Albacete;1982;76,27
Ambos sexos;02 Albacete;1981;75,53
Ambos sexos;02 Albacete;1980;75,38
Ambos sexos;02 Albacete;1979;74,55
Ambos sexos;02 Albacete;1978;74,34
Ambos sexos;02 Albacete;1977;73,80
Ambos sexos;02 Albacete;1976;73,64
Ambos sexos;02 Albacete;1975;73,13
Ambos sexos;03 Alicante/Alacant;2023;83,21
Ambos sexos;03 Alicante/Alacant;2022;82,62
Ambos sexos;03 Alicante/Alacant;2021;82,21
Ambos sexos;03 Alicante/Alacant;2020;82,42
Ambos sexos;03 Alicante/Alacant;2019;83,09
Ambos sexos;03 Alicante/Alacant;2018;82,69
Ambos sexos;03 Alicante/Alacant;2017;82,68
Ambos sexos;03 Alicante/Alacant;2016;82,85
Ambos sexos;03 Alicante/Alacant;2015;82,51
Ambos sexos;03 Alicante/Alacant;2014;82,66
Ambos sexos;03 Alicante/Alacant;2013;82,57
Ambos sexos;03 Alicante/Alacant;2012;81,99
Ambos sexos;03 Alicante/Alacant;2011;82,17
Ambos sexos;03 Alicante/Alacant;2010;82,09
Ambos sexos;03 Alicante/Alacant;2009;81,91
Ambos sexos;03 Alicante/Alacant;2008;81,26
Ambos sexos;03 Alicante/Alacant;2007;80,92
Ambos sexos;03 Alicante/Alacant;2006;80,85
Ambos sexos;03 Alicante/Alacant;2005;80,05
Ambos sexos;03 Alicante/Alacant;2004;80,08
Ambos sexos;03 Alicante/Alacant;2003;79,29
Ambos sexos;03 Alicante/Alacant;2002;79,29
Ambos sexos;03 Alicante/Alacant;2001;78,92
Ambos sexos;03 Alicante/Alacant;2000;78,89
Ambos sexos;03 Alicante/Alacant;1999;78,36
Ambos sexos;03 Alicante/Alacant;1998;78,77
Ambos sexos;03 Alicante/Alacant;1997;78,45
Ambos sexos;03 Alicante/Alacant;1996;78,23
Ambos sexos;03 Alicante/Alacant;1995;78,04
Ambos sexos;03 Alicante/Alacant;1994;77,72
Ambos sexos;03 Alicante/Alacant;1993;77,49
Ambos sexos;03 Alicante/Alacant;1992;77,39
Ambos sexos;03 Alicante/Alacant;1991;77,03
Ambos sexos;03 Alicante/Alacant;1990;76,43
Ambos sexos;03 Alicante/Alacant;1989;76,30
Ambos sexos;03 Alicante/Alacant;1988;76,18
Ambos sexos;03 Alicante/Alacant;1987;76,32
Ambos sexos;03 Alicante/Alacant;1986;76,21
Ambos sexos;03 Alicante/Alacant;1985;76,22
Ambos sexos;03 Alicante/Alacant;1984;76,30
Ambos sexos;03 Alicante/Alacant;1983;75,93
Ambos sexos;03 Alicante/Alacant;1982;75,68
Ambos sexos;03 Alicante/Alacant;1981;75,26
Ambos sexos;03 Alicante/Alacant;1980;75,03
Ambos sexos;03 Alicante/Alacant;1979;74,14
Ambos sexos;03 Alicante/Alacant;1978;73,68
Ambos sexos;03 Alicante/Alacant;1977;73,31
Ambos sexos;03 Alicante/Alacant;1976;73,24
Ambos sexos;03 Alicante/Alacant;1975;72,88
Ambos sexos;04 Almería;2023;81,81
Ambos sexos;04 Almería;2022;81,31
Ambos sexos;04 Almería;2021;80,61
Ambos sexos;04 Almería;2020;81,20
Ambos sexos;04 Almería;2019;81,93
Ambos sexos;04 Almería;2018;81,14
Ambos sexos;04 Almería;2017;81,75
Ambos sexos;04 Almería;2016;81,70
Ambos sexos;04 Almería;2015;81,11
Ambos sexos;04 Almería;2014;81,82
Ambos sexos;04 Almería;2013;81,58
Ambos sexos;04 Almería;2012;81,03
Ambos sexos;04 Almería;2011;80,79
Ambos sexos;04 Almería;2010;80,96
Ambos sexos;04 Almería;2009;80,23
Ambos sexos;04 Almería;2008;79,95
Ambos sexos;04 Almería;2007;79,52
Ambos sexos;04 Almería;2006;79,47
Ambos sexos;04 Almería;2005;78,75
Ambos sexos;04 Almería;2004;78,83
Ambos sexos;04 Almería;2003;78,36
Ambos sexos;04 Almería;2002;77,95
Ambos sexos;04 Almería;2001;78,33
Ambos sexos;04 Almería;2000;78,46
Ambos sexos;04 Almería;1999;77,82
Ambos sexos;04 Almería;1998;77,99
Ambos sexos;04 Almería;1997;77,61
Ambos sexos;04 Almería;1996;77,17
Ambos sexos;04 Almería;1995;77,73
Ambos sexos;04 Almería;1994;77,58
Ambos sexos;04 Almería;1993;76,88
Ambos sexos;04 Almería;1992;77,11
Ambos sexos;04 Almería;1991;76,72
Ambos sexos;04 Almería;1990;76,13
Ambos sexos;04 Almería;1989;75,90
Ambos sexos;04 Almería;1988;76,09
Ambos sexos;04 Almería;1987;76,20
Ambos sexos;04 Almería;1986;76,14
Ambos sexos;04 Almería;1985;76,59
Ambos sexos;04 Almería;1984;76,72
Ambos sexos;04 Almería;1983;75,81
Ambos sexos;04 Almería;1982;76,04
Ambos sexos;04 Almería;1981;74,75
Ambos sexos;04 Almería;1980;74,99
Ambos sexos;04 Almería;1979;74,01
Ambos sexos;04 Almería;1978;73,19
Ambos sexos;04 Almería;1977;73,89
Ambos sexos;04 Almería;1976;73,21
Ambos sexos;04 Almería;1975;72,68
Ambos sexos;01 Araba/Álava;2023;85,07
Ambos sexos;01 Araba/Álava;2022;84,13
Ambos sexos;01 Araba/Álava;2021;84,31
Ambos sexos;01 Araba/Álava;2020;83,59
Ambos sexos;01 Araba/Álava;2019;84,76
Ambos sexos;01 Araba/Álava;2018;84,32
Ambos sexos;01 Araba/Álava;2017;83,89
Ambos sexos;01 Araba/Álava;2016;84,18
Ambos sexos;01 Araba/Álava;2015;83,49
Ambos sexos;01 Araba/Álava;2014;84,38
Ambos sexos;01 Araba/Álava;2013;83,36
Ambos sexos;01 Araba/Álava;2012;83,53
Ambos sexos;01 Araba/Álava;2011;83,04
Ambos sexos;01 Araba/Álava;2010;83,19
Ambos sexos;01 Araba/Álava;2009;82,35
Ambos sexos;01 Araba/Álava;2008;82,55
Ambos sexos;01 Araba/Álava;2007;81,92
Ambos sexos;01 Araba/Álava;2006;82,20
Ambos sexos;01 Araba/Álava;2005;80,85
Ambos sexos;01 Araba/Álava;2004;81,78
Ambos sexos;01 Araba/Álava;2003;81,22
Ambos sexos;01 Araba/Álava;2002;81,44
Ambos sexos;01 Araba/Álava;2001;80,60
Ambos sexos;01 Araba/Álava;2000;80,15
Ambos sexos;01 Araba/Álava;1999;79,87
Ambos sexos;01 Araba/Álava;1998;79,88
Ambos sexos;01 Araba/Álava;1997;79,88
Ambos sexos;01 Araba/Álava;1996;79,22
Ambos sexos;01 Araba/Álava;1995;79,00
Ambos sexos;01 Araba/Álava;1994;79,23
Ambos sexos;01 Araba/Álava;1993;78,99
Ambos sexos;01 Araba/Álava;1992;78,99
Ambos sexos;01 Araba/Álava;1991;77,83
Ambos sexos;01 Araba/Álava;1990;77,51
Ambos sexos;01 Araba/Álava;1989;77,94
Ambos sexos;01 Araba/Álava;1988;77,33
Ambos sexos;01 Araba/Álava;1987;77,78
Ambos sexos;01 Araba/Álava;1986;77,31
Ambos sexos;01 Araba/Álava;1985;77,57
Ambos sexos;01 Araba/Álava;1984;77,86
Ambos sexos;01 Araba/Álava;1983;76,95
Ambos sexos;01 Araba/Álava;1982;77,66
Ambos sexos;01 Araba/Álava;1981;76,67
Ambos sexos;01 Araba/Álava;1980;75,44
Ambos sexos;01 Araba/Álava;1979;74,49
Ambos sexos;01 Araba/Álava;1978;73,43
Ambos sexos;01 Araba/Álava;1977;74,06
Ambos sexos;01 Araba/Álava;1976;73,12
Ambos sexos;01 Araba/Álava;1975;72,99
Ambos sexos;33 Asturias;2023;83,11
Ambos sexos;33 Asturias;2022;82,46
Ambos sexos;33 Asturias;2021;82,75
Ambos sexos;33 Asturias;2020;82,10
Ambos sexos;33 Asturias;2019;82,84
Ambos sexos;33 Asturias;2018;82,64
Ambos sexos;33 Asturias;2017;82,59
Ambos sexos;33 Asturias;2016;82,38
Ambos sexos;33 Asturias;2015;82,21
Ambos sexos;33 Asturias;2014;82,11
Ambos sexos;33 Asturias;2013;82,19
Ambos sexos;33 Asturias;2012;81,52
Ambos sexos;33 Asturias;2011;81,30
Ambos sexos;33 Asturias;2010;81,18
Ambos sexos;33 Asturias;2009;81,09
Ambos sexos;33 Asturias;2008;80,70
Ambos sexos;33 Asturias;2007;80,37
Ambos sexos;33 Asturias;2006;80,19
Ambos sexos;33 Asturias;2005;79,90
Ambos sexos;33 Asturias;2004;79,84
Ambos sexos;33 Asturias;2003;79,18
Ambos sexos;33 Asturias;2002;79,52
Ambos sexos;33 Asturias;2001;79,50
Ambos sexos;33 Asturias;2000;78,79
Ambos sexos;33 Asturias;1999;78,40
Ambos sexos;33 Asturias;1998;78,36
Ambos sexos;33 Asturias;1997;78,31
Ambos sexos;33 Asturias;1996;77,59
Ambos sexos;33 Asturias;1995;77,37
Ambos sexos;33 Asturias;1994;77,57
Ambos sexos;33 Asturias;1993;76,89
Ambos sexos;33 Asturias;1992;77,10
Ambos sexos;33 Asturias;1991;76,46
Ambos sexos;33 Asturias;1990;76,08
Ambos sexos;33 Asturias;1989;76,27
Ambos sexos;33 Asturias;1988;76,00
Ambos sexos;33 Asturias;1987;76,00
Ambos sexos;33 Asturias;1986;76,00
Ambos sexos;33 Asturias;1985;75,53
Ambos sexos;33 Asturias;1984;75,57
Ambos sexos;33 Asturias;1983;75,46
Ambos sexos;33 Asturias;1982;75,13
Ambos sexos;33 Asturias;1981;75,04
Ambos sexos;33 Asturias;1980;74,42
Ambos sexos;33 Asturias;1979;74,20
Ambos sexos;33 Asturias;1978;74,11
Ambos sexos;33 Asturias;1977;73,35
Ambos sexos;33 Asturias;1976;73,37
Ambos sexos;33 Asturias;1975;73,15
Ambos sexos;05 Ávila;2023;84,41
Ambos sexos;05 Ávila;2022;83,41
Ambos sexos;05 Ávila;2021;83,57
Ambos sexos;05 Ávila;2020;82,24
Ambos sexos;05 Ávila;2019;83,95
Ambos sexos;05 Ávila;2018;83,44
Ambos sexos;05 Ávila;2017;83,32
Ambos sexos;05 Ávila;2016;83,28
Ambos sexos;05 Ávila;2015;82,57
Ambos sexos;05 Ávila;2014;83,15
Ambos sexos;05 Ávila;2013;82,88
Ambos sexos;05 Ávila;2012;83,31
Ambos sexos;05 Ávila;2011;82,72
Ambos sexos;05 Ávila;2010;82,23
Ambos sexos;05 Ávila;2009;82,96
Ambos sexos;05 Ávila;2008;82,07
Ambos sexos;05 Ávila;2007;81,07
Ambos sexos;05 Ávila;2006;81,34
Ambos sexos;05 Ávila;2005;81,00
Ambos sexos;05 Ávila;2004;81,37
Ambos sexos;05 Ávila;2003;81,11
Ambos sexos;05 Ávila;2002;80,12
Ambos sexos;05 Ávila;2001;80,76
Ambos sexos;05 Ávila;2000;80,51
Ambos sexos;05 Ávila;1999;80,09
Ambos sexos;05 Ávila;1998;79,72
Ambos sexos;05 Ávila;1997;80,38
Ambos sexos;05 Ávila;1996;79,45
Ambos sexos;05 Ávila;1995;79,76
Ambos sexos;05 Ávila;1994;79,37
Ambos sexos;05 Ávila;1993;79,45
Ambos sexos;05 Ávila;1992;79,21
Ambos sexos;05 Ávila;1991;78,97
Ambos sexos;05 Ávila;1990;78,33
Ambos sexos;05 Ávila;1989;78,36
Ambos sexos;05 Ávila;1988;78,61
Ambos sexos;05 Ávila;1987;78,48
Ambos sexos;05 Ávila;1986;78,60
Ambos sexos;05 Ávila;1985;78,65
Ambos sexos;05 Ávila;1984;78,49
Ambos sexos;05 Ávila;1983;78,84
Ambos sexos;05 Ávila;1982;78,29
Ambos sexos;05 Ávila;1981;77,71
Ambos sexos;05 Ávila;1980;78,25
Ambos sexos;05 Ávila;1979;76,79
Ambos sexos;05 Ávila;1978;76,62
Ambos sexos;05 Ávila;1977;75,57
Ambos sexos;05 Ávila;1976;75,11
Ambos sexos;05 Ávila;1975;73,58
Ambos sexos;06 Badajoz;2023;82,90
Ambos sexos;06 Badajoz;2022;82,29
Ambos sexos;06 Badajoz;2021;81,89
Ambos sexos;06 Badajoz;2020;81,90
Ambos sexos;06 Badajoz;2019;82,43
Ambos sexos;06 Badajoz;2018;82,26
Ambos sexos;06 Badajoz;2017;82,09
Ambos sexos;06 Badajoz;2016;81,96
Ambos sexos;06 Badajoz;2015;81,70
Ambos sexos;06 Badajoz;2014;81,80
Ambos sexos;06 Badajoz;2013;81,54
Ambos sexos;06 Badajoz;2012;81,05
Ambos sexos;06 Badajoz;2011;81,42
Ambos sexos;06 Badajoz;2010;80,69
Ambos sexos;06 Badajoz;2009;80,52
Ambos sexos;06 Badajoz;2008;80,60
Ambos sexos;06 Badajoz;2007;80,27
Ambos sexos;06 Badajoz;2006;79,91
Ambos sexos;06 Badajoz;2005;79,22
Ambos sexos;06 Badajoz;2004;79,55
Ambos sexos;06 Badajoz;2003;78,77
Ambos sexos;06 Badajoz;2002;78,89
Ambos sexos;06 Badajoz;2001;78,98
Ambos sexos;06 Badajoz;2000;78,39
Ambos sexos;06 Badajoz;1999;78,17
Ambos sexos;06 Badajoz;1998;78,39
Ambos sexos;06 Badajoz;1997;78,15
Ambos sexos;06 Badajoz;1996;77,46
Ambos sexos;06 Badajoz;1995;77,72
Ambos sexos;06 Badajoz;1994;77,29
Ambos sexos;06 Badajoz;1993;76,60
Ambos sexos;06 Badajoz;1992;76,81
Ambos sexos;06 Badajoz;1991;76,32
Ambos sexos;06 Badajoz;1990;76,04
Ambos sexos;06 Badajoz;1989;76,03
Ambos sexos;06 Badajoz;1988;76,07
Ambos sexos;06 Badajoz;1987;75,92
Ambos sexos;06 Badajoz;1986;75,36
Ambos sexos;06 Badajoz;1985;75,70
Ambos sexos;06 Badajoz;1984;75,60
Ambos sexos;06 Badajoz;1983;74,90
Ambos sexos;06 Badajoz;1982;75,48
Ambos sexos;06 Badajoz;1981;74,68
Ambos sexos;06 Badajoz;1980;74,68
Ambos sexos;06 Badajoz;1979;73,84
Ambos sexos;06 Badajoz;1978;73,35
Ambos sexos;06 Badajoz;1977;73,39
Ambos sexos;06 Badajoz;1976;73,19
Ambos sexos;06 Badajoz;1975;73,02
Ambos sexos;07 Balears, Illes;2023;83,71
Ambos sexos;07 Balears, Illes;2022;82,90
Ambos sexos;07 Balears, Illes;2021;83,00
Ambos sexos;07 Balears, Illes;2020;83,11
Ambos sexos;07 Balears, Illes;2019;83,40
Ambos sexos;07 Balears, Illes;2018;82,97
Ambos sexos;07 Balears, Illes;2017;82,68
Ambos sexos;07 Balears, Illes;2016;82,86
Ambos sexos;07 Balears, Illes;2015;82,28
Ambos sexos;07 Balears, Illes;2014;82,60
Ambos sexos;07 Balears, Illes;2013;82,56
Ambos sexos;07 Balears, Illes;2012;81,85
Ambos sexos;07 Balears, Illes;2011;81,93
Ambos sexos;07 Balears, Illes;2010;81,56
Ambos sexos;07 Balears, Illes;2009;81,15
Ambos sexos;07 Balears, Illes;2008;81,19
Ambos sexos;07 Balears, Illes;2007;81,26
Ambos sexos;07 Balears, Illes;2006;80,85
Ambos sexos;07 Balears, Illes;2005;80,33
Ambos sexos;07 Balears, Illes;2004;80,27
Ambos sexos;07 Balears, Illes;2003;79,78
Ambos sexos;07 Balears, Illes;2002;79,47
Ambos sexos;07 Balears, Illes;2001;79,14
Ambos sexos;07 Balears, Illes;2000;78,42
Ambos sexos;07 Balears, Illes;1999;78,13
Ambos sexos;07 Balears, Illes;1998;78,46
Ambos sexos;07 Balears, Illes;1997;78,28
Ambos sexos;07 Balears, Illes;1996;77,66
Ambos sexos;07 Balears, Illes;1995;77,32
Ambos sexos;07 Balears, Illes;1994;77,63
Ambos sexos;07 Balears, Illes;1993;76,97
Ambos sexos;07 Balears, Illes;1992;76,76
Ambos sexos;07 Balears, Illes;1991;76,10
Ambos sexos;07 Balears, Illes;1990;75,82
Ambos sexos;07 Balears, Illes;1989;75,73
Ambos sexos;07 Balears, Illes;1988;75,96
Ambos sexos;07 Balears, Illes;1987;75,48
Ambos sexos;07 Balears, Illes;1986;74,99
Ambos sexos;07 Balears, Illes;1985;75,15
Ambos sexos;07 Balears, Illes;1984;75,22
Ambos sexos;07 Balears, Illes;1983;74,43
Ambos sexos;07 Balears, Illes;1982;75,76
Ambos sexos;07 Balears, Illes;1981;76,09
Ambos sexos;07 Balears, Illes;1980;75,34
Ambos sexos;07 Balears, Illes;1979;74,61
Ambos sexos;07 Balears, Illes;1978;74,62
Ambos sexos;07 Balears, Illes;1977;74,11
Ambos sexos;07 Balears, Illes;1976;73,67
Ambos sexos;07 Balears, Illes;1975;73,63
Ambos sexos;08 Barcelona;2023;84,15
Ambos sexos;08 Barcelona;2022;83,69
Ambos sexos;08 Barcelona;2021;83,48
Ambos sexos;08 Barcelona;2020;82,22
Ambos sexos;08 Barcelona;2019;84,01
Ambos sexos;08 Barcelona;2018;83,54
Ambos sexos;08 Barcelona;2017;83,40
Ambos sexos;08 Barcelona;2016;83,53
Ambos sexos;08 Barcelona;2015;83,23
Ambos sexos;08 Barcelona;2014;83,27
Ambos sexos;08 Barcelona;2013;83,06
Ambos sexos;08 Barcelona;2012;82,57
Ambos sexos;08 Barcelona;2011;82,66
Ambos sexos;08 Barcelona;2010;82,34
Ambos sexos;08 Barcelona;2009;81,98
Ambos sexos;08 Barcelona;2008;81,69
Ambos sexos;08 Barcelona;2007;81,40
Ambos sexos;08 Barcelona;2006;81,38
Ambos sexos;08 Barcelona;2005;80,54
Ambos sexos;08 Barcelona;2004;80,74
Ambos sexos;08 Barcelona;2003;80,05
Ambos sexos;08 Barcelona;2002;80,15
Ambos sexos;08 Barcelona;2001;79,87
Ambos sexos;08 Barcelona;2000;79,71
Ambos sexos;08 Barcelona;1999;79,00
Ambos sexos;08 Barcelona;1998;79,20
Ambos sexos;08 Barcelona;1997;78,92
Ambos sexos;08 Barcelona;1996;78,65
Ambos sexos;08 Barcelona;1995;78,33
Ambos sexos;08 Barcelona;1994;78,27
Ambos sexos;08 Barcelona;1993;77,84
Ambos sexos;08 Barcelona;1992;77,52
Ambos sexos;08 Barcelona;1991;77,25
Ambos sexos;08 Barcelona;1990;76,81
Ambos sexos;08 Barcelona;1989;76,73
Ambos sexos;08 Barcelona;1988;76,99
Ambos sexos;08 Barcelona;1987;77,07
Ambos sexos;08 Barcelona;1986;76,96
Ambos sexos;08 Barcelona;1985;77,07
Ambos sexos;08 Barcelona;1984;77,23
Ambos sexos;08 Barcelona;1983;76,89
Ambos sexos;08 Barcelona;1982;77,48
Ambos sexos;08 Barcelona;1981;76,98
Ambos sexos;08 Barcelona;1980;76,65
Ambos sexos;08 Barcelona;1979;75,87
Ambos sexos;08 Barcelona;1978;75,35
Ambos sexos;08 Barcelona;1977;75,15
Ambos sexos;08 Barcelona;1976;74,42
Ambos sexos;08 Barcelona;1975;73,74
Ambos sexos;48 Bizkaia;2023;84,42
Ambos sexos;48 Bizkaia;2022;83,39
Ambos sexos;48 Bizkaia;2021;83,70
Ambos sexos;48 Bizkaia;2020;82,99
Ambos sexos;48 Bizkaia;2019;83,65
Ambos sexos;48 Bizkaia;2018;83,49
Ambos sexos;48 Bizkaia;2017;83,50
Ambos sexos;48 Bizkaia;2016;83,14
Ambos sexos;48 Bizkaia;2015;82,98
Ambos sexos;48 Bizkaia;2014;83,10
Ambos sexos;48 Bizkaia;2013;83,13
Ambos sexos;48 Bizkaia;2012;82,50
Ambos sexos;48 Bizkaia;2011;82,14
Ambos sexos;48 Bizkaia;2010;82,03
Ambos sexos;48 Bizkaia;2009;81,74
Ambos sexos;48 Bizkaia;2008;81,48
Ambos sexos;48 Bizkaia;2007;81,19
Ambos sexos;48 Bizkaia;2006;81,11
Ambos sexos;48 Bizkaia;2005;80,64
Ambos sexos;48 Bizkaia;2004;80,45
Ambos sexos;48 Bizkaia;2003;79,94
Ambos sexos;48 Bizkaia;2002;79,85
Ambos sexos;48 Bizkaia;2001;80,08
Ambos sexos;48 Bizkaia;2000;79,30
Ambos sexos;48 Bizkaia;1999;79,29
Ambos sexos;48 Bizkaia;1998;78,91
Ambos sexos;48 Bizkaia;1997;78,90
Ambos sexos;48 Bizkaia;1996;78,05
Ambos sexos;48 Bizkaia;1995;77,73
Ambos sexos;48 Bizkaia;1994;78,22
Ambos sexos;48 Bizkaia;1993;77,91
Ambos sexos;48 Bizkaia;1992;77,33
Ambos sexos;48 Bizkaia;1991;77,09
Ambos sexos;48 Bizkaia;1990;76,44
Ambos sexos;48 Bizkaia;1989;76,94
Ambos sexos;48 Bizkaia;1988;76,53
Ambos sexos;48 Bizkaia;1987;76,29
Ambos sexos;48 Bizkaia;1986;75,72
Ambos sexos;48 Bizkaia;1985;75,75
Ambos sexos;48 Bizkaia;1984;75,33
Ambos sexos;48 Bizkaia;1983;75,40
Ambos sexos;48 Bizkaia;1982;75,28
Ambos sexos;48 Bizkaia;1981;74,31
Ambos sexos;48 Bizkaia;1980;73,98
Ambos sexos;48 Bizkaia;1979;73,83
Ambos sexos;48 Bizkaia;1978;73,59
Ambos sexos;48 Bizkaia;1977;73,22
Ambos sexos;48 Bizkaia;1976;73,11
Ambos sexos;48 Bizkaia;1975;72,50
Ambos sexos;09 Burgos;2023;84,23
Ambos sexos;09 Burgos;2022;83,87
Ambos sexos;09 Burgos;2021;84,55
Ambos sexos;09 Burgos;2020;83,18
Ambos sexos;09 Burgos;2019;84,52
Ambos sexos;09 Burgos;2018;84,08
Ambos sexos;09 Burgos;2017;83,82
Ambos sexos;09 Burgos;2016;84,09
Ambos sexos;09 Burgos;2015;84,22
Ambos sexos;09 Burgos;2014;83,60
Ambos sexos;09 Burgos;2013;83,57
Ambos sexos;09 Burgos;2012;82,89
Ambos sexos;09 Burgos;2011;82,96
Ambos sexos;09 Burgos;2010;83,17
Ambos sexos;09 Burgos;2009;82,34
Ambos sexos;09 Burgos;2008;82,09
Ambos sexos;09 Burgos;2007;82,09
Ambos sexos;09 Burgos;2006;82,15
Ambos sexos;09 Burgos;2005;80,81
Ambos sexos;09 Burgos;2004;81,95
Ambos sexos;09 Burgos;2003;80,91
Ambos sexos;09 Burgos;2002;80,88
Ambos sexos;09 Burgos;2001;81,40
Ambos sexos;09 Burgos;2000;80,47
Ambos sexos;09 Burgos;1999;80,26
Ambos sexos;09 Burgos;1998;79,79
Ambos sexos;09 Burgos;1997;79,54
Ambos sexos;09 Burgos;1996;79,61
Ambos sexos;09 Burgos;1995;79,25
Ambos sexos;09 Burgos;1994;79,15
Ambos sexos;09 Burgos;1993;78,70
Ambos sexos;09 Burgos;1992;78,64
Ambos sexos;09 Burgos;1991;77,75
Ambos sexos;09 Burgos;1990;77,78
Ambos sexos;09 Burgos;1989;77,47
Ambos sexos;09 Burgos;1988;77,15
Ambos sexos;09 Burgos;1987;77,59
Ambos sexos;09 Burgos;1986;77,26
Ambos sexos;09 Burgos;1985;77,09
Ambos sexos;09 Burgos;1984;77,66
Ambos sexos;09 Burgos;1983;77,50
Ambos sexos;09 Burgos;1982;77,97
Ambos sexos;09 Burgos;1981;76,86
Ambos sexos;09 Burgos;1980;76,37
Ambos sexos;09 Burgos;1979;75,74
Ambos sexos;09 Burgos;1978;75,29
Ambos sexos;09 Burgos;1977;74,18
Ambos sexos;09 Burgos;1976;73,71
Ambos sexos;09 Burgos;1975;73,43
Ambos sexos;10 Cáceres;2023;83,28
Ambos sexos;10 Cáceres;2022;82,53
Ambos sexos;10 Cáceres;2021;82,62
Ambos sexos;10 Cáceres;2020;81,72
Ambos sexos;10 Cáceres;2019;83,47
Ambos sexos;10 Cáceres;2018;82,88
Ambos sexos;10 Cáceres;2017;82,47
Ambos sexos;10 Cáceres;2016;82,82
Ambos sexos;10 Cáceres;2015;82,54
Ambos sexos;10 Cáceres;2014;83,21
Ambos sexos;10 Cáceres;2013;82,34
Ambos sexos;10 Cáceres;2012;82,01
Ambos sexos;10 Cáceres;2011;82,19
Ambos sexos;10 Cáceres;2010;81,99
Ambos sexos;10 Cáceres;2009;81,86
Ambos sexos;10 Cáceres;2008;81,69
Ambos sexos;10 Cáceres;2007;80,73
Ambos sexos;10 Cáceres;2006;81,20
Ambos sexos;10 Cáceres;2005;80,17
Ambos sexos;10 Cáceres;2004;80,19
Ambos sexos;10 Cáceres;2003;79,43
Ambos sexos;10 Cáceres;2002;80,13
Ambos sexos;10 Cáceres;2001;79,67
Ambos sexos;10 Cáceres;2000;79,49
Ambos sexos;10 Cáceres;1999;79,16
Ambos sexos;10 Cáceres;1998;78,89
Ambos sexos;10 Cáceres;1997;78,91
Ambos sexos;10 Cáceres;1996;78,70
Ambos sexos;10 Cáceres;1995;78,56
Ambos sexos;10 Cáceres;1994;78,59
Ambos sexos;10 Cáceres;1993;78,24
Ambos sexos;10 Cáceres;1992;77,95
Ambos sexos;10 Cáceres;1991;77,64
Ambos sexos;10 Cáceres;1990;77,11
Ambos sexos;10 Cáceres;1989;77,14
Ambos sexos;10 Cáceres;1988;76,94
Ambos sexos;10 Cáceres;1987;76,85
Ambos sexos;10 Cáceres;1986;76,18
Ambos sexos;10 Cáceres;1985;76,22
Ambos sexos;10 Cáceres;1984;75,85
Ambos sexos;10 Cáceres;1983;75,42
Ambos sexos;10 Cáceres;1982;76,27
Ambos sexos;10 Cáceres;1981;75,40
Ambos sexos;10 Cáceres;1980;74,62
Ambos sexos;10 Cáceres;1979;74,56
Ambos sexos;10 Cáceres;1978;74,46
Ambos sexos;10 Cáceres;1977;74,15
Ambos sexos;10 Cáceres;1976;73,70
Ambos sexos;10 Cáceres;1975;73,24
Ambos sexos;11 Cádiz;2023;82,01
Ambos sexos;11 Cádiz;2022;81,44
Ambos sexos;11 Cádiz;2021;80,75
Ambos sexos;11 Cádiz;2020;81,08
Ambos sexos;11 Cádiz;2019;81,71
Ambos sexos;11 Cádiz;2018;81,01
Ambos sexos;11 Cádiz;2017;81,27
Ambos sexos;11 Cádiz;2016;81,05
Ambos sexos;11 Cádiz;2015;80,82
Ambos sexos;11 Cádiz;2014;81,17
Ambos sexos;11 Cádiz;2013;80,66
Ambos sexos;11 Cádiz;2012;80,02
Ambos sexos;11 Cádiz;2011;80,26
Ambos sexos;11 Cádiz;2010;80,18
Ambos sexos;11 Cádiz;2009;79,75
Ambos sexos;11 Cádiz;2008;79,57
Ambos sexos;11 Cádiz;2007;79,86
Ambos sexos;11 Cádiz;2006;79,34
Ambos sexos;11 Cádiz;2005;78,09
Ambos sexos;11 Cádiz;2004;78,02
Ambos sexos;11 Cádiz;2003;77,69
Ambos sexos;11 Cádiz;2002;77,88
Ambos sexos;11 Cádiz;2001;77,84
Ambos sexos;11 Cádiz;2000;77,32
Ambos sexos;11 Cádiz;1999;76,93
Ambos sexos;11 Cádiz;1998;76,89
Ambos sexos;11 Cádiz;1997;76,77
Ambos sexos;11 Cádiz;1996;76,19
Ambos sexos;11 Cádiz;1995;75,59
Ambos sexos;11 Cádiz;1994;76,35
Ambos sexos;11 Cádiz;1993;75,77
Ambos sexos;11 Cádiz;1992;75,80
Ambos sexos;11 Cádiz;1991;75,04
Ambos sexos;11 Cádiz;1990;74,37
Ambos sexos;11 Cádiz;1989;75,07
Ambos sexos;11 Cádiz;1988;74,81
Ambos sexos;11 Cádiz;1987;74,66
Ambos sexos;11 Cádiz;1986;74,61
Ambos sexos;11 Cádiz;1985;74,31
Ambos sexos;11 Cádiz;1984;74,13
Ambos sexos;11 Cádiz;1983;74,33
Ambos sexos;11 Cádiz;1982;73,66
Ambos sexos;11 Cádiz;1981;73,78
Ambos sexos;11 Cádiz;1980;73,30
Ambos sexos;11 Cádiz;1979;73,02
Ambos sexos;11 Cádiz;1978;72,38
Ambos sexos;11 Cádiz;1977;71,76
Ambos sexos;11 Cádiz;1976;71,46
Ambos sexos;11 Cádiz;1975;71,49
Ambos sexos;39 Cantabria;2023;84,20
Ambos sexos;39 Cantabria;2022;83,06
Ambos sexos;39 Cantabria;2021;83,63
Ambos sexos;39 Cantabria;2020;83,00
Ambos sexos;39 Cantabria;2019;83,58
Ambos sexos;39 Cantabria;2018;83,33
Ambos sexos;39 Cantabria;2017;83,31
Ambos sexos;39 Cantabria;2016;83,14
Ambos sexos;39 Cantabria;2015;82,69
Ambos sexos;39 Cantabria;2014;82,78
Ambos sexos;39 Cantabria;2013;82,96
Ambos sexos;39 Cantabria;2012;82,54
Ambos sexos;39 Cantabria;2011;82,42
Ambos sexos;39 Cantabria;2010;82,06
Ambos sexos;39 Cantabria;2009;81,96
Ambos sexos;39 Cantabria;2008;81,62
Ambos sexos;39 Cantabria;2007;80,99
Ambos sexos;39 Cantabria;2006;80,99
Ambos sexos;39 Cantabria;2005;81,07
Ambos sexos;39 Cantabria;2004;80,82
Ambos sexos;39 Cantabria;2003;80,39
Ambos sexos;39 Cantabria;2002;80,11
Ambos sexos;39 Cantabria;2001;80,27
Ambos sexos;39 Cantabria;2000;79,35
Ambos sexos;39 Cantabria;1999;79,23
Ambos sexos;39 Cantabria;1998;79,55
Ambos sexos;39 Cantabria;1997;78,80
Ambos sexos;39 Cantabria;1996;78,57
Ambos sexos;39 Cantabria;1995;78,25
Ambos sexos;39 Cantabria;1994;78,48
Ambos sexos;39 Cantabria;1993;77,96
Ambos sexos;39 Cantabria;1992;77,75
Ambos sexos;39 Cantabria;1991;77,62
Ambos sexos;39 Cantabria;1990;77,00
Ambos sexos;39 Cantabria;1989;76,96
Ambos sexos;39 Cantabria;1988;77,04
Ambos sexos;39 Cantabria;1987;76,92
Ambos sexos;39 Cantabria;1986;76,89
Ambos sexos;39 Cantabria;1985;76,44
Ambos sexos;39 Cantabria;1984;76,68
Ambos sexos;39 Cantabria;1983;75,92
Ambos sexos;39 Cantabria;1982;76,09
Ambos sexos;39 Cantabria;1981;75,72
Ambos sexos;39 Cantabria;1980;75,08
Ambos sexos;39 Cantabria;1979;74,77
Ambos sexos;39 Cantabria;1978;75,24
Ambos sexos;39 Cantabria;1977;74,13
Ambos sexos;39 Cantabria;1976;73,68
Ambos sexos;39 Cantabria;1975;73,07
Ambos sexos;12 Castellón/Castelló;2023;83,29
Ambos sexos;12 Castellón/Castelló;2022;82,57
Ambos sexos;12 Castellón/Castelló;2021;82,15
Ambos sexos;12 Castellón/Castelló;2020;82,70
Ambos sexos;12 Castellón/Castelló;2019;82,83
Ambos sexos;12 Castellón/Castelló;2018;82,40
Ambos sexos;12 Castellón/Castelló;2017;82,72
Ambos sexos;12 Castellón/Castelló;2016;82,68
Ambos sexos;12 Castellón/Castelló;2015;82,32
Ambos sexos;12 Castellón/Castelló;2014;82,41
Ambos sexos;12 Castellón/Castelló;2013;82,43
Ambos sexos;12 Castellón/Castelló;2012;82,48
Ambos sexos;12 Castellón/Castelló;2011;81,91
Ambos sexos;12 Castellón/Castelló;2010;81,91
Ambos sexos;12 Castellón/Castelló;2009;80,94
Ambos sexos;12 Castellón/Castelló;2008;80,98
Ambos sexos;12 Castellón/Castelló;2007;80,66
Ambos sexos;12 Castellón/Castelló;2006;80,46
Ambos sexos;12 Castellón/Castelló;2005;79,68
Ambos sexos;12 Castellón/Castelló;2004;80,07
Ambos sexos;12 Castellón/Castelló;2003;79,35
Ambos sexos;12 Castellón/Castelló;2002;79,29
Ambos sexos;12 Castellón/Castelló;2001;78,98
Ambos sexos;12 Castellón/Castelló;2000;79,17
Ambos sexos;12 Castellón/Castelló;1999;78,41
Ambos sexos;12 Castellón/Castelló;1998;78,40
Ambos sexos;12 Castellón/Castelló;1997;78,29
Ambos sexos;12 Castellón/Castelló;1996;77,71
Ambos sexos;12 Castellón/Castelló;1995;77,82
Ambos sexos;12 Castellón/Castelló;1994;77,84
Ambos sexos;12 Castellón/Castelló;1993;77,99
Ambos sexos;12 Castellón/Castelló;1992;77,74
Ambos sexos;12 Castellón/Castelló;1991;76,80
Ambos sexos;12 Castellón/Castelló;1990;76,90
Ambos sexos;12 Castellón/Castelló;1989;76,95
Ambos sexos;12 Castellón/Castelló;1988;76,99
Ambos sexos;12 Castellón/Castelló;1987;76,85
Ambos sexos;12 Castellón/Castelló;1986;76,66
Ambos sexos;12 Castellón/Castelló;1985;76,30
Ambos sexos;12 Castellón/Castelló;1984;76,49
Ambos sexos;12 Castellón/Castelló;1983;76,03
Ambos sexos;12 Castellón/Castelló;1982;76,07
Ambos sexos;12 Castellón/Castelló;1981;75,63
Ambos sexos;12 Castellón/Castelló;1980;75,63
Ambos sexos;12 Castellón/Castelló;1979;74,49
Ambos sexos;12 Castellón/Castelló;1978;74,09
Ambos sexos;12 Castellón/Castelló;1977;74,44
Ambos sexos;12 Castellón/Castelló;1976;74,28
Ambos sexos;12 Castellón/Castelló;1975;73,58
Ambos sexos;13 Ciudad Real;2023;83,05
Ambos sexos;13 Ciudad Real;2022;82,95
Ambos sexos;13 Ciudad Real;2021;82,44
Ambos sexos;13 Ciudad Real;2020;80,36
Ambos sexos;13 Ciudad Real;2019;82,98
Ambos sexos;13 Ciudad Real;2018;82,87
Ambos sexos;13 Ciudad Real;2017;82,37
Ambos sexos;13 Ciudad Real;2016;82,68
Ambos sexos;13 Ciudad Real;2015;82,09
Ambos sexos;13 Ciudad Real;2014;82,63
Ambos sexos;13 Ciudad Real;2013;82,43
Ambos sexos;13 Ciudad Real;2012;81,89
Ambos sexos;13 Ciudad Real;2011;81,96
Ambos sexos;13 Ciudad Real;2010;82,11
Ambos sexos;13 Ciudad Real;2009;81,49
Ambos sexos;13 Ciudad Real;2008;80,85
Ambos sexos;13 Ciudad Real;2007;80,70
Ambos sexos;13 Ciudad Real;2006;80,76
Ambos sexos;13 Ciudad Real;2005;79,89
Ambos sexos;13 Ciudad Real;2004;79,90
Ambos sexos;13 Ciudad Real;2003;79,55
Ambos sexos;13 Ciudad Real;2002;79,18
Ambos sexos;13 Ciudad Real;2001;79,49
Ambos sexos;13 Ciudad Real;2000;79,56
Ambos sexos;13 Ciudad Real;1999;78,69
Ambos sexos;13 Ciudad Real;1998;78,69
Ambos sexos;13 Ciudad Real;1997;78,93
Ambos sexos;13 Ciudad Real;1996;78,16
Ambos sexos;13 Ciudad Real;1995;78,10
Ambos sexos;13 Ciudad Real;1994;77,65
Ambos sexos;13 Ciudad Real;1993;77,46
Ambos sexos;13 Ciudad Real;1992;77,33
Ambos sexos;13 Ciudad Real;1991;76,30
Ambos sexos;13 Ciudad Real;1990;76,62
Ambos sexos;13 Ciudad Real;1989;76,87
Ambos sexos;13 Ciudad Real;1988;76,63
Ambos sexos;13 Ciudad Real;1987;76,33
Ambos sexos;13 Ciudad Real;1986;75,76
Ambos sexos;13 Ciudad Real;1985;76,22
Ambos sexos;13 Ciudad Real;1984;75,81
Ambos sexos;13 Ciudad Real;1983;75,28
Ambos sexos;13 Ciudad Real;1982;75,62
Ambos sexos;13 Ciudad Real;1981;74,86
Ambos sexos;13 Ciudad Real;1980;75,19
Ambos sexos;13 Ciudad Real;1979;74,41
Ambos sexos;13 Ciudad Real;1978;73,89
Ambos sexos;13 Ciudad Real;1977;74,09
Ambos sexos;13 Ciudad Real;1976;73,95
Ambos sexos;13 Ciudad Real;1975;72,98
Ambos sexos;14 Córdoba;2023;82,63
Ambos sexos;14 Córdoba;2022;81,94
Ambos sexos;14 Córdoba;2021;82,12
Ambos sexos;14 Córdoba;2020;82,25
Ambos sexos;14 Córdoba;2019;82,75
Ambos sexos;14 Córdoba;2018;82,51
Ambos sexos;14 Córdoba;2017;82,22
Ambos sexos;14 Córdoba;2016;82,49
Ambos sexos;14 Córdoba;2015;82,01
Ambos sexos;14 Córdoba;2014;82,39
Ambos sexos;14 Córdoba;2013;82,11
Ambos sexos;14 Córdoba;2012;81,46
Ambos sexos;14 Córdoba;2011;81,67
Ambos sexos;14 Córdoba;2010;81,55
Ambos sexos;14 Córdoba;2009;81,06
Ambos sexos;14 Córdoba;2008;80,74
Ambos sexos;14 Córdoba;2007;80,38
Ambos sexos;14 Córdoba;2006;80,49
Ambos sexos;14 Córdoba;2005;79,65
Ambos sexos;14 Córdoba;2004;79,76
Ambos sexos;14 Córdoba;2003;79,20
Ambos sexos;14 Córdoba;2002;79,06
Ambos sexos;14 Córdoba;2001;79,32
Ambos sexos;14 Córdoba;2000;79,20
Ambos sexos;14 Córdoba;1999;78,55
Ambos sexos;14 Córdoba;1998;78,28
Ambos sexos;14 Córdoba;1997;78,80
Ambos sexos;14 Córdoba;1996;78,09
Ambos sexos;14 Córdoba;1995;77,65
Ambos sexos;14 Córdoba;1994;77,74
Ambos sexos;14 Córdoba;1993;77,11
Ambos sexos;14 Córdoba;1992;77,66
Ambos sexos;14 Córdoba;1991;76,82
Ambos sexos;14 Córdoba;1990;76,63
Ambos sexos;14 Córdoba;1989;76,65
Ambos sexos;14 Córdoba;1988;76,77
Ambos sexos;14 Córdoba;1987;76,55
Ambos sexos;14 Córdoba;1986;76,33
Ambos sexos;14 Córdoba;1985;76,13
Ambos sexos;14 Córdoba;1984;76,11
Ambos sexos;14 Córdoba;1983;76,17
Ambos sexos;14 Córdoba;1982;76,12
Ambos sexos;14 Córdoba;1981;75,19
Ambos sexos;14 Córdoba;1980;75,01
Ambos sexos;14 Córdoba;1979;75,01
Ambos sexos;14 Córdoba;1978;74,42
Ambos sexos;14 Córdoba;1977;74,53
Ambos sexos;14 Córdoba;1976;73,94
Ambos sexos;14 Córdoba;1975;73,60
Ambos sexos;15 Coruña, A;2023;83,72
Ambos sexos;15 Coruña, A;2022;83,11
Ambos sexos;15 Coruña, A;2021;83,14
Ambos sexos;15 Coruña, A;2020;83,43
Ambos sexos;15 Coruña, A;2019;83,35
Ambos sexos;15 Coruña, A;2018;82,76
Ambos sexos;15 Coruña, A;2017;82,92
Ambos sexos;15 Coruña, A;2016;82,53
Ambos sexos;15 Coruña, A;2015;82,32
Ambos sexos;15 Coruña, A;2014;82,62
Ambos sexos;15 Coruña, A;2013;82,34
Ambos sexos;15 Coruña, A;2012;82,22
Ambos sexos;15 Coruña, A;2011;81,96
Ambos sexos;15 Coruña, A;2010;81,69
Ambos sexos;15 Coruña, A;2009;81,16
Ambos sexos;15 Coruña, A;2008;81,07
Ambos sexos;15 Coruña, A;2007;80,54
Ambos sexos;15 Coruña, A;2006;80,66
Ambos sexos;15 Coruña, A;2005;80,29
Ambos sexos;15 Coruña, A;2004;80,33
Ambos sexos;15 Coruña, A;2003;79,56
Ambos sexos;15 Coruña, A;2002;80,03
Ambos sexos;15 Coruña, A;2001;79,75
Ambos sexos;15 Coruña, A;2000;79,10
Ambos sexos;15 Coruña, A;1999;78,78
Ambos sexos;15 Coruña, A;1998;78,86
Ambos sexos;15 Coruña, A;1997;78,52
Ambos sexos;15 Coruña, A;1996;77,62
Ambos sexos;15 Coruña, A;1995;77,67
Ambos sexos;15 Coruña, A;1994;77,54
Ambos sexos;15 Coruña, A;1993;77,25
Ambos sexos;15 Coruña, A;1992;77,04
Ambos sexos;15 Coruña, A;1991;76,65
Ambos sexos;15 Coruña, A;1990;76,23
Ambos sexos;15 Coruña, A;1989;76,49
Ambos sexos;15 Coruña, A;1988;76,10
Ambos sexos;15 Coruña, A;1987;76,19
Ambos sexos;15 Coruña, A;1986;75,75
Ambos sexos;15 Coruña, A;1985;75,76
Ambos sexos;15 Coruña, A;1984;75,88
Ambos sexos;15 Coruña, A;1983;75,69
Ambos sexos;15 Coruña, A;1982;75,39
Ambos sexos;15 Coruña, A;1981;74,97
Ambos sexos;15 Coruña, A;1980;75,05
Ambos sexos;15 Coruña, A;1979;74,33
Ambos sexos;15 Coruña, A;1978;73,79
Ambos sexos;15 Coruña, A;1977;73,24
Ambos sexos;15 Coruña, A;1976;73,24
Ambos sexos;15 Coruña, A;1975;72,69
Ambos sexos;16 Cuenca;2023;83,30
Ambos sexos;16 Cuenca;2022;83,09
Ambos sexos;16 Cuenca;2021;83,36
Ambos sexos;16 Cuenca;2020;80,78
Ambos sexos;16 Cuenca;2019;83,62
Ambos sexos;16 Cuenca;2018;83,28
Ambos sexos;16 Cuenca;2017;83,24
Ambos sexos;16 Cuenca;2016;83,18
Ambos sexos;16 Cuenca;2015;82,87
Ambos sexos;16 Cuenca;2014;83,37
Ambos sexos;16 Cuenca;2013;82,51
Ambos sexos;16 Cuenca;2012;82,11
Ambos sexos;16 Cuenca;2011;83,09
Ambos sexos;16 Cuenca;2010;82,87
Ambos sexos;16 Cuenca;2009;83,13
Ambos sexos;16 Cuenca;2008;82,01
Ambos sexos;16 Cuenca;2007;82,20
Ambos sexos;16 Cuenca;2006;82,16
Ambos sexos;16 Cuenca;2005;81,66
Ambos sexos;16 Cuenca;2004;81,62
Ambos sexos;16 Cuenca;2003;81,51
Ambos sexos;16 Cuenca;2002;80,92
Ambos sexos;16 Cuenca;2001;80,88
Ambos sexos;16 Cuenca;2000;81,16
Ambos sexos;16 Cuenca;1999;80,49
Ambos sexos;16 Cuenca;1998;80,60
Ambos sexos;16 Cuenca;1997;80,41
Ambos sexos;16 Cuenca;1996;79,53
Ambos sexos;16 Cuenca;1995;79,80
Ambos sexos;16 Cuenca;1994;79,43
Ambos sexos;16 Cuenca;1993;79,58
Ambos sexos;16 Cuenca;1992;79,51
Ambos sexos;16 Cuenca;1991;78,94
Ambos sexos;16 Cuenca;1990;78,91
Ambos sexos;16 Cuenca;1989;78,02
Ambos sexos;16 Cuenca;1988;78,14
Ambos sexos;16 Cuenca;1987;78,00
Ambos sexos;16 Cuenca;1986;77,15
Ambos sexos;16 Cuenca;1985;76,35
Ambos sexos;16 Cuenca;1984;76,55
Ambos sexos;16 Cuenca;1983;76,42
Ambos sexos;16 Cuenca;1982;76,82
Ambos sexos;16 Cuenca;1981;75,63
Ambos sexos;16 Cuenca;1980;76,07
Ambos sexos;16 Cuenca;1979;75,44
Ambos sexos;16 Cuenca;1978;75,49
Ambos sexos;16 Cuenca;1977;75,34
Ambos sexos;16 Cuenca;1976;75,38
Ambos sexos;16 Cuenca;1975;74,98
Ambos sexos;20 Gipuzkoa;2023;84,15
Ambos sexos;20 Gipuzkoa;2022;83,39
Ambos sexos;20 Gipuzkoa;2021;83,47
Ambos sexos;20 Gipuzkoa;2020;83,33
Ambos sexos;20 Gipuzkoa;2019;84,17
Ambos sexos;20 Gipuzkoa;2018;83,65
Ambos sexos;20 Gipuzkoa;2017;83,48
Ambos sexos;20 Gipuzkoa;2016;83,60
Ambos sexos;20 Gipuzkoa;2015;83,10
Ambos sexos;20 Gipuzkoa;2014;83,30
Ambos sexos;20 Gipuzkoa;2013;83,04
Ambos sexos;20 Gipuzkoa;2012;82,86
Ambos sexos;20 Gipuzkoa;2011;82,74
Ambos sexos;20 Gipuzkoa;2010;82,74
Ambos sexos;20 Gipuzkoa;2009;82,22
Ambos sexos;20 Gipuzkoa;2008;81,83
Ambos sexos;20 Gipuzkoa;2007;81,34
Ambos sexos;20 Gipuzkoa;2006;81,83
Ambos sexos;20 Gipuzkoa;2005;81,22
Ambos sexos;20 Gipuzkoa;2004;80,92
Ambos sexos;20 Gipuzkoa;2003;80,39
Ambos sexos;20 Gipuzkoa;2002;80,17
Ambos sexos;20 Gipuzkoa;2001;80,18
Ambos sexos;20 Gipuzkoa;2000;79,91
Ambos sexos;20 Gipuzkoa;1999;79,38
Ambos sexos;20 Gipuzkoa;1998;78,83
Ambos sexos;20 Gipuzkoa;1997;78,95
Ambos sexos;20 Gipuzkoa;1996;78,00
Ambos sexos;20 Gipuzkoa;1995;78,55
Ambos sexos;20 Gipuzkoa;1994;78,25
Ambos sexos;20 Gipuzkoa;1993;77,91
Ambos sexos;20 Gipuzkoa;1992;77,72
Ambos sexos;20 Gipuzkoa;1991;76,88
Ambos sexos;20 Gipuzkoa;1990;77,21
Ambos sexos;20 Gipuzkoa;1989;76,92
Ambos sexos;20 Gipuzkoa;1988;76,49
Ambos sexos;20 Gipuzkoa;1987;76,56
Ambos sexos;20 Gipuzkoa;1986;76,04
Ambos sexos;20 Gipuzkoa;1985;75,87
Ambos sexos;20 Gipuzkoa;1984;76,22
Ambos sexos;20 Gipuzkoa;1983;75,45
Ambos sexos;20 Gipuzkoa;1982;75,85
Ambos sexos;20 Gipuzkoa;1981;75,39
Ambos sexos;20 Gipuzkoa;1980;75,52
Ambos sexos;20 Gipuzkoa;1979;75,13
Ambos sexos;20 Gipuzkoa;1978;74,40
Ambos sexos;20 Gipuzkoa;1977;73,76
Ambos sexos;20 Gipuzkoa;1976;73,00
Ambos sexos;20 Gipuzkoa;1975;72,76
Ambos sexos;17 Girona;2023;83,50
Ambos sexos;17 Girona;2022;83,02
Ambos sexos;17 Girona;2021;83,02
Ambos sexos;17 Girona;2020;82,63
Ambos sexos;17 Girona;2019;83,15
Ambos sexos;17 Girona;2018;83,13
Ambos sexos;17 Girona;2017;83,12
Ambos sexos;17 Girona;2016;83,29
Ambos sexos;17 Girona;2015;82,74
Ambos sexos;17 Girona;2014;82,86
Ambos sexos;17 Girona;2013;83,00
Ambos sexos;17 Girona;2012;82,35
Ambos sexos;17 Girona;2011;82,58
Ambos sexos;17 Girona;2010;82,25
Ambos sexos;17 Girona;2009;81,84
Ambos sexos;17 Girona;2008;81,76
Ambos sexos;17 Girona;2007;81,56
Ambos sexos;17 Girona;2006;81,39
Ambos sexos;17 Girona;2005;80,62
Ambos sexos;17 Girona;2004;80,57
Ambos sexos;17 Girona;2003;80,03
Ambos sexos;17 Girona;2002;79,89
Ambos sexos;17 Girona;2001;79,79
Ambos sexos;17 Girona;2000;79,76
Ambos sexos;17 Girona;1999;79,17
Ambos sexos;17 Girona;1998;79,56
Ambos sexos;17 Girona;1997;79,09
Ambos sexos;17 Girona;1996;78,72
Ambos sexos;17 Girona;1995;78,34
Ambos sexos;17 Girona;1994;78,60
Ambos sexos;17 Girona;1993;78,12
Ambos sexos;17 Girona;1992;77,64
Ambos sexos;17 Girona;1991;77,51
Ambos sexos;17 Girona;1990;77,25
Ambos sexos;17 Girona;1989;77,16
Ambos sexos;17 Girona;1988;76,71
Ambos sexos;17 Girona;1987;76,77
Ambos sexos;17 Girona;1986;76,77
Ambos sexos;17 Girona;1985;76,65
Ambos sexos;17 Girona;1984;76,09
Ambos sexos;17 Girona;1983;75,72
Ambos sexos;17 Girona;1982;75,78
Ambos sexos;17 Girona;1981;75,23
Ambos sexos;17 Girona;1980;75,00
Ambos sexos;17 Girona;1979;74,54
Ambos sexos;17 Girona;1978;73,95
Ambos sexos;17 Girona;1977;74,14
Ambos sexos;17 Girona;1976;73,11
Ambos sexos;17 Girona;1975;72,94
Ambos sexos;18 Granada;2023;82,94
Ambos sexos;18 Granada;2022;82,67
Ambos sexos;18 Granada;2021;81,80
Ambos sexos;18 Granada;2020;81,40
Ambos sexos;18 Granada;2019;82,43
Ambos sexos;18 Granada;2018;81,83
Ambos sexos;18 Granada;2017;82,13
Ambos sexos;18 Granada;2016;82,21
Ambos sexos;18 Granada;2015;81,40
Ambos sexos;18 Granada;2014;81,94
Ambos sexos;18 Granada;2013;81,94
Ambos sexos;18 Granada;2012;81,16
Ambos sexos;18 Granada;2011;81,06
Ambos sexos;18 Granada;2010;80,77
Ambos sexos;18 Granada;2009;80,39
Ambos sexos;18 Granada;2008;80,19
Ambos sexos;18 Granada;2007;79,58
Ambos sexos;18 Granada;2006;79,73
Ambos sexos;18 Granada;2005;79,16
Ambos sexos;18 Granada;2004;79,06
Ambos sexos;18 Granada;2003;78,76
Ambos sexos;18 Granada;2002;78,70
Ambos sexos;18 Granada;2001;78,92
Ambos sexos;18 Granada;2000;78,33
Ambos sexos;18 Granada;1999;77,55
Ambos sexos;18 Granada;1998;77,74
Ambos sexos;18 Granada;1997;77,99
Ambos sexos;18 Granada;1996;77,65
Ambos sexos;18 Granada;1995;77,87
Ambos sexos;18 Granada;1994;77,41
Ambos sexos;18 Granada;1993;76,92
Ambos sexos;18 Granada;1992;77,05
Ambos sexos;18 Granada;1991;76,65
Ambos sexos;18 Granada;1990;76,44
Ambos sexos;18 Granada;1989;76,14
Ambos sexos;18 Granada;1988;76,09
Ambos sexos;18 Granada;1987;76,05
Ambos sexos;18 Granada;1986;75,68
Ambos sexos;18 Granada;1985;75,81
Ambos sexos;18 Granada;1984;75,12
Ambos sexos;18 Granada;1983;75,19
Ambos sexos;18 Granada;1982;75,41
Ambos sexos;18 Granada;1981;74,56
Ambos sexos;18 Granada;1980;74,97
Ambos sexos;18 Granada;1979;74,65
Ambos sexos;18 Granada;1978;73,90
Ambos sexos;18 Granada;1977;73,75
Ambos sexos;18 Granada;1976;73,10
Ambos sexos;18 Granada;1975;72,78
Ambos sexos;19 Guadalajara;2023;84,71
Ambos sexos;19 Guadalajara;2022;83,72
Ambos sexos;19 Guadalajara;2021;83,86
Ambos sexos;19 Guadalajara;2020;82,29
Ambos sexos;19 Guadalajara;2019;84,73
Ambos sexos;19 Guadalajara;2018;84,21
Ambos sexos;19 Guadalajara;2017;84,06
Ambos sexos;19 Guadalajara;2016;83,89
Ambos sexos;19 Guadalajara;2015;83,66
Ambos sexos;19 Guadalajara;2014;84,36
Ambos sexos;19 Guadalajara;2013;84,53
Ambos sexos;19 Guadalajara;2012;83,77
Ambos sexos;19 Guadalajara;2011;83,61
Ambos sexos;19 Guadalajara;2010;83,76
Ambos sexos;19 Guadalajara;2009;83,74
Ambos sexos;19 Guadalajara;2008;83,22
Ambos sexos;19 Guadalajara;2007;82,39
Ambos sexos;19 Guadalajara;2006;83,12
Ambos sexos;19 Guadalajara;2005;82,25
Ambos sexos;19 Guadalajara;2004;81,69
Ambos sexos;19 Guadalajara;2003;82,35
Ambos sexos;19 Guadalajara;2002;81,59
Ambos sexos;19 Guadalajara;2001;81,09
Ambos sexos;19 Guadalajara;2000;81,72
Ambos sexos;19 Guadalajara;1999;81,25
Ambos sexos;19 Guadalajara;1998;81,24
Ambos sexos;19 Guadalajara;1997;81,46
Ambos sexos;19 Guadalajara;1996;80,23
Ambos sexos;19 Guadalajara;1995;80,77
Ambos sexos;19 Guadalajara;1994;79,55
Ambos sexos;19 Guadalajara;1993;79,62
Ambos sexos;19 Guadalajara;1992;79,80
Ambos sexos;19 Guadalajara;1991;79,90
Ambos sexos;19 Guadalajara;1990;79,10
Ambos sexos;19 Guadalajara;1989;79,63
Ambos sexos;19 Guadalajara;1988;78,97
Ambos sexos;19 Guadalajara;1987;78,68
Ambos sexos;19 Guadalajara;1986;78,55
Ambos sexos;19 Guadalajara;1985;78,00
Ambos sexos;19 Guadalajara;1984;77,35
Ambos sexos;19 Guadalajara;1983;77,71
Ambos sexos;19 Guadalajara;1982;78,13
Ambos sexos;19 Guadalajara;1981;77,94
Ambos sexos;19 Guadalajara;1980;77,49
Ambos sexos;19 Guadalajara;1979;77,66
Ambos sexos;19 Guadalajara;1978;76,85
Ambos sexos;19 Guadalajara;1977;76,48
Ambos sexos;19 Guadalajara;1976;75,85
Ambos sexos;19 Guadalajara;1975;74,95
Ambos sexos;21 Huelva;2023;81,83
Ambos sexos;21 Huelva;2022;81,59
Ambos sexos;21 Huelva;2021;81,16
Ambos sexos;21 Huelva;2020;81,43
Ambos sexos;21 Huelva;2019;81,84
Ambos sexos;21 Huelva;2018;81,50
Ambos sexos;21 Huelva;2017;81,71
Ambos sexos;21 Huelva;2016;81,39
Ambos sexos;21 Huelva;2015;81,37
Ambos sexos;21 Huelva;2014;81,24
Ambos sexos;21 Huelva;2013;80,72
Ambos sexos;21 Huelva;2012;80,04
Ambos sexos;21 Huelva;2011;80,62
Ambos sexos;21 Huelva;2010;80,60
Ambos sexos;21 Huelva;2009;80,21
Ambos sexos;21 Huelva;2008;79,72
Ambos sexos;21 Huelva;2007;79,01
Ambos sexos;21 Huelva;2006;79,41
Ambos sexos;21 Huelva;2005;78,76
Ambos sexos;21 Huelva;2004;78,95
Ambos sexos;21 Huelva;2003;78,28
Ambos sexos;21 Huelva;2002;78,46
Ambos sexos;21 Huelva;2001;78,09
Ambos sexos;21 Huelva;2000;77,94
Ambos sexos;21 Huelva;1999;77,63
Ambos sexos;21 Huelva;1998;77,45
Ambos sexos;21 Huelva;1997;77,45
Ambos sexos;21 Huelva;1996;76,96
Ambos sexos;21 Huelva;1995;77,08
Ambos sexos;21 Huelva;1994;76,84
Ambos sexos;21 Huelva;1993;76,45
Ambos sexos;21 Huelva;1992;76,35
Ambos sexos;21 Huelva;1991;76,49
Ambos sexos;21 Huelva;1990;75,95
Ambos sexos;21 Huelva;1989;75,96
Ambos sexos;21 Huelva;1988;75,56
Ambos sexos;21 Huelva;1987;75,92
Ambos sexos;21 Huelva;1986;75,85
Ambos sexos;21 Huelva;1985;75,29
Ambos sexos;21 Huelva;1984;75,23
Ambos sexos;21 Huelva;1983;74,86
Ambos sexos;21 Huelva;1982;74,52
Ambos sexos;21 Huelva;1981;74,22
Ambos sexos;21 Huelva;1980;73,86
Ambos sexos;21 Huelva;1979;73,65
Ambos sexos;21 Huelva;1978;72,73
Ambos sexos;21 Huelva;1977;73,31
Ambos sexos;21 Huelva;1976;72,43
Ambos sexos;21 Huelva;1975;72,27
Ambos sexos;22 Huesca;2023;84,41
Ambos sexos;22 Huesca;2022;82,94
Ambos sexos;22 Huesca;2021;83,69
Ambos sexos;22 Huesca;2020;82,92
Ambos sexos;22 Huesca;2019;84,14
Ambos sexos;22 Huesca;2018;83,35
Ambos sexos;22 Huesca;2017;83,20
Ambos sexos;22 Huesca;2016;83,00
Ambos sexos;22 Huesca;2015;82,78
Ambos sexos;22 Huesca;2014;83,25
Ambos sexos;22 Huesca;2013;83,43
Ambos sexos;22 Huesca;2012;82,76
Ambos sexos;22 Huesca;2011;82,74
Ambos sexos;22 Huesca;2010;82,19
Ambos sexos;22 Huesca;2009;82,13
Ambos sexos;22 Huesca;2008;82,54
Ambos sexos;22 Huesca;2007;82,37
Ambos sexos;22 Huesca;2006;81,58
Ambos sexos;22 Huesca;2005;81,22
Ambos sexos;22 Huesca;2004;81,03
Ambos sexos;22 Huesca;2003;80,80
Ambos sexos;22 Huesca;2002;80,39
Ambos sexos;22 Huesca;2001;80,23
Ambos sexos;22 Huesca;2000;80,60
Ambos sexos;22 Huesca;1999;79,31
Ambos sexos;22 Huesca;1998;79,82
Ambos sexos;22 Huesca;1997;79,67
Ambos sexos;22 Huesca;1996;78,86
Ambos sexos;22 Huesca;1995;79,07
Ambos sexos;22 Huesca;1994;79,22
Ambos sexos;22 Huesca;1993;80,12
Ambos sexos;22 Huesca;1992;80,42
Ambos sexos;22 Huesca;1991;79,22
Ambos sexos;22 Huesca;1990;78,62
Ambos sexos;22 Huesca;1989;78,45
Ambos sexos;22 Huesca;1988;77,98
Ambos sexos;22 Huesca;1987;76,31
Ambos sexos;22 Huesca;1986;77,33
Ambos sexos;22 Huesca;1985;77,33
Ambos sexos;22 Huesca;1984;77,15
Ambos sexos;22 Huesca;1983;76,87
Ambos sexos;22 Huesca;1982;78,42
Ambos sexos;22 Huesca;1981;77,60
Ambos sexos;22 Huesca;1980;76,75
Ambos sexos;22 Huesca;1979;76,55
Ambos sexos;22 Huesca;1978;76,33
Ambos sexos;22 Huesca;1977;76,23
Ambos sexos;22 Huesca;1976;75,69
Ambos sexos;22 Huesca;1975;74,84
Ambos sexos;23 Jaén;2023;82,68
Ambos sexos;23 Jaén;2022;81,72
Ambos sexos;23 Jaén;2021;81,80
Ambos sexos;23 Jaén;2020;81,35
Ambos sexos;23 Jaén;2019;82,28
Ambos sexos;23 Jaén;2018;81,92
Ambos sexos;23 Jaén;2017;82,09
Ambos sexos;23 Jaén;2016;81,96
Ambos sexos;23 Jaén;2015;81,57
Ambos sexos;23 Jaén;2014;81,94
Ambos sexos;23 Jaén;2013;81,73
Ambos sexos;23 Jaén;2012;81,35
Ambos sexos;23 Jaén;2011;80,97
Ambos sexos;23 Jaén;2010;81,32
Ambos sexos;23 Jaén;2009;80,33
Ambos sexos;23 Jaén;2008;80,28
Ambos sexos;23 Jaén;2007;79,80
Ambos sexos;23 Jaén;2006;80,34
Ambos sexos;23 Jaén;2005;79,47
Ambos sexos;23 Jaén;2004;79,36
Ambos sexos;23 Jaén;2003;79,02
Ambos sexos;23 Jaén;2002;79,24
Ambos sexos;23 Jaén;2001;79,11
Ambos sexos;23 Jaén;2000;78,61
Ambos sexos;23 Jaén;1999;78,39
Ambos sexos;23 Jaén;1998;78,04
Ambos sexos;23 Jaén;1997;78,38
Ambos sexos;23 Jaén;1996;78,29
Ambos sexos;23 Jaén;1995;78,13
Ambos sexos;23 Jaén;1994;77,83
Ambos sexos;23 Jaén;1993;77,55
Ambos sexos;23 Jaén;1992;77,86
Ambos sexos;23 Jaén;1991;77,27
Ambos sexos;23 Jaén;1990;76,64
Ambos sexos;23 Jaén;1989;76,71
Ambos sexos;23 Jaén;1988;76,29
Ambos sexos;23 Jaén;1987;76,40
Ambos sexos;23 Jaén;1986;75,93
Ambos sexos;23 Jaén;1985;76,17
Ambos sexos;23 Jaén;1984;76,07
Ambos sexos;23 Jaén;1983;75,85
Ambos sexos;23 Jaén;1982;76,05
Ambos sexos;23 Jaén;1981;75,72
Ambos sexos;23 Jaén;1980;75,64
Ambos sexos;23 Jaén;1979;75,00
Ambos sexos;23 Jaén;1978;74,64
Ambos sexos;23 Jaén;1977;74,59
Ambos sexos;23 Jaén;1976;73,54
Ambos sexos;23 Jaén;1975;74,04
Ambos sexos;24 León;2023;84,20
Ambos sexos;24 León;2022;83,29
Ambos sexos;24 León;2021;83,49
Ambos sexos;24 León;2020;82,48
Ambos sexos;24 León;2019;83,62
Ambos sexos;24 León;2018;83,56
Ambos sexos;24 León;2017;83,69
Ambos sexos;24 León;2016;83,48
Ambos sexos;24 León;2015;83,26
Ambos sexos;24 León;2014;83,12
Ambos sexos;24 León;2013;82,73
Ambos sexos;24 León;2012;82,91
Ambos sexos;24 León;2011;82,97
Ambos sexos;24 León;2010;82,58
Ambos sexos;24 León;2009;82,57
Ambos sexos;24 León;2008;81,78
Ambos sexos;24 León;2007;81,18
Ambos sexos;24 León;2006;81,56
Ambos sexos;24 León;2005;81,04
Ambos sexos;24 León;2004;80,94
Ambos sexos;24 León;2003;80,82
Ambos sexos;24 León;2002;80,84
Ambos sexos;24 León;2001;80,45
Ambos sexos;24 León;2000;80,34
Ambos sexos;24 León;1999;80,22
Ambos sexos;24 León;1998;79,88
Ambos sexos;24 León;1997;79,72
Ambos sexos;24 León;1996;79,45
Ambos sexos;24 León;1995;79,51
Ambos sexos;24 León;1994;79,09
Ambos sexos;24 León;1993;78,83
Ambos sexos;24 León;1992;78,71
Ambos sexos;24 León;1991;78,21
Ambos sexos;24 León;1990;77,34
Ambos sexos;24 León;1989;77,49
Ambos sexos;24 León;1988;77,13
Ambos sexos;24 León;1987;76,37
Ambos sexos;24 León;1986;76,20
Ambos sexos;24 León;1985;76,11
Ambos sexos;24 León;1984;75,99
Ambos sexos;24 León;1983;75,33
Ambos sexos;24 León;1982;75,44
Ambos sexos;24 León;1981;74,50
Ambos sexos;24 León;1980;74,92
Ambos sexos;24 León;1979;73,98
Ambos sexos;24 León;1978;73,88
Ambos sexos;24 León;1977;73,43
Ambos sexos;24 León;1976;73,35
Ambos sexos;24 León;1975;73,31
Ambos sexos;25 Lleida;2023;83,65
Ambos sexos;25 Lleida;2022;83,01
Ambos sexos;25 Lleida;2021;82,76
Ambos sexos;25 Lleida;2020;82,28
Ambos sexos;25 Lleida;2019;83,53
Ambos sexos;25 Lleida;2018;83,14
Ambos sexos;25 Lleida;2017;83,12
Ambos sexos;25 Lleida;2016;83,44
Ambos sexos;25 Lleida;2015;82,79
Ambos sexos;25 Lleida;2014;82,92
Ambos sexos;25 Lleida;2013;82,61
Ambos sexos;25 Lleida;2012;82,44
Ambos sexos;25 Lleida;2011;82,08
Ambos sexos;25 Lleida;2010;81,80
Ambos sexos;25 Lleida;2009;81,76
Ambos sexos;25 Lleida;2008;81,63
Ambos sexos;25 Lleida;2007;80,88
Ambos sexos;25 Lleida;2006;80,88
Ambos sexos;25 Lleida;2005;80,15
Ambos sexos;25 Lleida;2004;80,05
Ambos sexos;25 Lleida;2003;79,72
Ambos sexos;25 Lleida;2002;79,55
Ambos sexos;25 Lleida;2001;80,16
Ambos sexos;25 Lleida;2000;79,66
Ambos sexos;25 Lleida;1999;79,25
Ambos sexos;25 Lleida;1998;78,71
Ambos sexos;25 Lleida;1997;78,81
Ambos sexos;25 Lleida;1996;78,76
Ambos sexos;25 Lleida;1995;78,07
Ambos sexos;25 Lleida;1994;78,23
Ambos sexos;25 Lleida;1993;77,86
Ambos sexos;25 Lleida;1992;77,41
Ambos sexos;25 Lleida;1991;77,30
Ambos sexos;25 Lleida;1990;77,16
Ambos sexos;25 Lleida;1989;77,03
Ambos sexos;25 Lleida;1988;77,12
Ambos sexos;25 Lleida;1987;76,79
Ambos sexos;25 Lleida;1986;76,81
Ambos sexos;25 Lleida;1985;76,35
Ambos sexos;25 Lleida;1984;76,53
Ambos sexos;25 Lleida;1983;76,20
Ambos sexos;25 Lleida;1982;76,49
Ambos sexos;25 Lleida;1981;76,51
Ambos sexos;25 Lleida;1980;75,58
Ambos sexos;25 Lleida;1979;74,83
Ambos sexos;25 Lleida;1978;74,52
Ambos sexos;25 Lleida;1977;74,34
Ambos sexos;25 Lleida;1976;74,24
Ambos sexos;25 Lleida;1975;73,13
Ambos sexos;27 Lugo;2023;83,38
Ambos sexos;27 Lugo;2022;83,23
Ambos sexos;27 Lugo;2021;83,38
Ambos sexos;27 Lugo;2020;83,10
Ambos sexos;27 Lugo;2019;83,71
Ambos sexos;27 Lugo;2018;82,91
Ambos sexos;27 Lugo;2017;83,00
Ambos sexos;27 Lugo;2016;82,58
Ambos sexos;27 Lugo;2015;82,39
Ambos sexos;27 Lugo;2014;82,66
Ambos sexos;27 Lugo;2013;82,66
Ambos sexos;27 Lugo;2012;81,92
Ambos sexos;27 Lugo;2011;82,29
Ambos sexos;27 Lugo;2010;82,06
Ambos sexos;27 Lugo;2009;81,25
Ambos sexos;27 Lugo;2008;81,52
Ambos sexos;27 Lugo;2007;81,16
Ambos sexos;27 Lugo;2006;80,81
Ambos sexos;27 Lugo;2005;80,74
Ambos sexos;27 Lugo;2004;80,73
Ambos sexos;27 Lugo;2003;79,58
Ambos sexos;27 Lugo;2002;79,52
Ambos sexos;27 Lugo;2001;79,59
Ambos sexos;27 Lugo;2000;79,21
Ambos sexos;27 Lugo;1999;78,99
Ambos sexos;27 Lugo;1998;78,60
Ambos sexos;27 Lugo;1997;78,50
Ambos sexos;27 Lugo;1996;77,67
Ambos sexos;27 Lugo;1995;77,79
Ambos sexos;27 Lugo;1994;78,20
Ambos sexos;27 Lugo;1993;78,05
Ambos sexos;27 Lugo;1992;76,98
Ambos sexos;27 Lugo;1991;76,03
Ambos sexos;27 Lugo;1990;76,17
Ambos sexos;27 Lugo;1989;76,58
Ambos sexos;27 Lugo;1988;76,69
Ambos sexos;27 Lugo;1987;76,81
Ambos sexos;27 Lugo;1986;76,13
Ambos sexos;27 Lugo;1985;75,76
Ambos sexos;27 Lugo;1984;76,17
Ambos sexos;27 Lugo;1983;75,37
Ambos sexos;27 Lugo;1982;75,34
Ambos sexos;27 Lugo;1981;75,22
Ambos sexos;27 Lugo;1980;75,28
Ambos sexos;27 Lugo;1979;74,25
Ambos sexos;27 Lugo;1978;73,94
Ambos sexos;27 Lugo;1977;73,30
Ambos sexos;27 Lugo;1976;72,63
Ambos sexos;27 Lugo;1975;72,50
Ambos sexos;28 Madrid;2023;85,39
Ambos sexos;28 Madrid;2022;84,76
Ambos sexos;28 Madrid;2021;84,56
Ambos sexos;28 Madrid;2020;82,27
Ambos sexos;28 Madrid;2019;84,93
Ambos sexos;28 Madrid;2018;84,73
Ambos sexos;28 Madrid;2017;84,48
Ambos sexos;28 Madrid;2016;84,50
Ambos sexos;28 Madrid;2015;83,97
Ambos sexos;28 Madrid;2014;84,20
Ambos sexos;28 Madrid;2013;84,13
Ambos sexos;28 Madrid;2012;83,64
Ambos sexos;28 Madrid;2011;83,63
Ambos sexos;28 Madrid;2010;83,39
Ambos sexos;28 Madrid;2009;82,93
Ambos sexos;28 Madrid;2008;82,58
Ambos sexos;28 Madrid;2007;82,08
Ambos sexos;28 Madrid;2006;82,06
Ambos sexos;28 Madrid;2005;81,50
Ambos sexos;28 Madrid;2004;81,24
Ambos sexos;28 Madrid;2003;80,63
Ambos sexos;28 Madrid;2002;80,81
Ambos sexos;28 Madrid;2001;80,58
Ambos sexos;28 Madrid;2000;80,36
Ambos sexos;28 Madrid;1999;80,19
Ambos sexos;28 Madrid;1998;79,93
Ambos sexos;28 Madrid;1997;79,97
Ambos sexos;28 Madrid;1996;79,18
Ambos sexos;28 Madrid;1995;78,81
Ambos sexos;28 Madrid;1994;78,75
Ambos sexos;28 Madrid;1993;78,32
Ambos sexos;28 Madrid;1992;78,10
Ambos sexos;28 Madrid;1991;77,58
Ambos sexos;28 Madrid;1990;77,24
Ambos sexos;28 Madrid;1989;77,43
Ambos sexos;28 Madrid;1988;77,25
Ambos sexos;28 Madrid;1987;77,32
Ambos sexos;28 Madrid;1986;77,48
Ambos sexos;28 Madrid;1985;76,77
Ambos sexos;28 Madrid;1984;76,74
Ambos sexos;28 Madrid;1983;76,21
Ambos sexos;28 Madrid;1982;76,61
Ambos sexos;28 Madrid;1981;75,65
Ambos sexos;28 Madrid;1980;76,09
Ambos sexos;28 Madrid;1979;75,71
Ambos sexos;28 Madrid;1978;75,26
Ambos sexos;28 Madrid;1977;74,98
Ambos sexos;28 Madrid;1976;74,60
Ambos sexos;28 Madrid;1975;74,46
Ambos sexos;29 Málaga;2023;82,90
Ambos sexos;29 Málaga;2022;82,15
Ambos sexos;29 Málaga;2021;81,82
Ambos sexos;29 Málaga;2020;81,97
Ambos sexos;29 Málaga;2019;82,54
Ambos sexos;29 Málaga;2018;81,96
Ambos sexos;29 Málaga;2017;82,22
Ambos sexos;29 Málaga;2016;82,10
Ambos sexos;29 Málaga;2015;81,65
Ambos sexos;29 Málaga;2014;81,64
Ambos sexos;29 Málaga;2013;81,71
Ambos sexos;29 Málaga;2012;81,26
Ambos sexos;29 Málaga;2011;81,21
Ambos sexos;29 Málaga;2010;80,86
Ambos sexos;29 Málaga;2009;80,50
Ambos sexos;29 Málaga;2008;79,89
Ambos sexos;29 Málaga;2007;79,66
Ambos sexos;29 Málaga;2006;79,52
Ambos sexos;29 Málaga;2005;78,86
Ambos sexos;29 Málaga;2004;78,98
Ambos sexos;29 Málaga;2003;78,26
Ambos sexos;29 Málaga;2002;78,52
Ambos sexos;29 Málaga;2001;78,26
Ambos sexos;29 Málaga;2000;78,00
Ambos sexos;29 Málaga;1999;77,64
Ambos sexos;29 Málaga;1998;77,61
Ambos sexos;29 Málaga;1997;77,33
Ambos sexos;29 Málaga;1996;76,78
Ambos sexos;29 Málaga;1995;76,88
Ambos sexos;29 Málaga;1994;76,49
Ambos sexos;29 Málaga;1993;76,35
Ambos sexos;29 Málaga;1992;76,23
Ambos sexos;29 Málaga;1991;75,69
Ambos sexos;29 Málaga;1990;75,55
Ambos sexos;29 Málaga;1989;75,37
Ambos sexos;29 Málaga;1988;75,18
Ambos sexos;29 Málaga;1987;74,91
Ambos sexos;29 Málaga;1986;74,96
Ambos sexos;29 Málaga;1985;74,73
Ambos sexos;29 Málaga;1984;74,90
Ambos sexos;29 Málaga;1983;74,75
Ambos sexos;29 Málaga;1982;74,44
Ambos sexos;29 Málaga;1981;74,28
Ambos sexos;29 Málaga;1980;74,15
Ambos sexos;29 Málaga;1979;73,32
Ambos sexos;29 Málaga;1978;72,95
Ambos sexos;29 Málaga;1977;73,23
Ambos sexos;29 Málaga;1976;72,27
Ambos sexos;29 Málaga;1975;71,90
Ambos sexos;30 Murcia;2023;82,82
Ambos sexos;30 Murcia;2022;82,05
Ambos sexos;30 Murcia;2021;82,21
Ambos sexos;30 Murcia;2020;82,26
Ambos sexos;30 Murcia;2019;82,62
Ambos sexos;30 Murcia;2018;82,64
Ambos sexos;30 Murcia;2017;82,40
Ambos sexos;30 Murcia;2016;82,51
Ambos sexos;30 Murcia;2015;82,21
Ambos sexos;30 Murcia;2014;82,47
Ambos sexos;30 Murcia;2013;82,27
Ambos sexos;30 Murcia;2012;81,72
Ambos sexos;30 Murcia;2011;81,71
Ambos sexos;30 Murcia;2010;81,62
Ambos sexos;30 Murcia;2009;80,90
Ambos sexos;30 Murcia;2008;80,43
Ambos sexos;30 Murcia;2007;80,30
Ambos sexos;30 Murcia;2006;80,27
Ambos sexos;30 Murcia;2005;79,71
Ambos sexos;30 Murcia;2004;79,54
Ambos sexos;30 Murcia;2003;79,11
Ambos sexos;30 Murcia;2002;78,96
Ambos sexos;30 Murcia;2001;78,95
Ambos sexos;30 Murcia;2000;78,42
Ambos sexos;30 Murcia;1999;77,90
Ambos sexos;30 Murcia;1998;78,22
Ambos sexos;30 Murcia;1997;78,06
Ambos sexos;30 Murcia;1996;78,05
Ambos sexos;30 Murcia;1995;78,04
Ambos sexos;30 Murcia;1994;77,61
Ambos sexos;30 Murcia;1993;77,46
Ambos sexos;30 Murcia;1992;77,07
Ambos sexos;30 Murcia;1991;76,49
Ambos sexos;30 Murcia;1990;76,09
Ambos sexos;30 Murcia;1989;75,95
Ambos sexos;30 Murcia;1988;76,51
Ambos sexos;30 Murcia;1987;76,67
Ambos sexos;30 Murcia;1986;76,16
Ambos sexos;30 Murcia;1985;75,70
Ambos sexos;30 Murcia;1984;75,64
Ambos sexos;30 Murcia;1983;75,16
Ambos sexos;30 Murcia;1982;75,45
Ambos sexos;30 Murcia;1981;74,90
Ambos sexos;30 Murcia;1980;74,30
Ambos sexos;30 Murcia;1979;74,49
Ambos sexos;30 Murcia;1978;74,06
Ambos sexos;30 Murcia;1977;73,92
Ambos sexos;30 Murcia;1976;73,39
Ambos sexos;30 Murcia;1975;72,95
Ambos sexos;31 Navarra;2023;84,79
Ambos sexos;31 Navarra;2022;83,85
Ambos sexos;31 Navarra;2021;84,26
Ambos sexos;31 Navarra;2020;83,33
Ambos sexos;31 Navarra;2019;84,55
Ambos sexos;31 Navarra;2018;84,14
Ambos sexos;31 Navarra;2017;83,80
Ambos sexos;31 Navarra;2016;83,81
Ambos sexos;31 Navarra;2015;83,75
Ambos sexos;31 Navarra;2014;83,45
Ambos sexos;31 Navarra;2013;83,49
Ambos sexos;31 Navarra;2012;83,42
Ambos sexos;31 Navarra;2011;83,47
Ambos sexos;31 Navarra;2010;83,68
Ambos sexos;31 Navarra;2009;82,90
Ambos sexos;31 Navarra;2008;82,29
Ambos sexos;31 Navarra;2007;82,20
Ambos sexos;31 Navarra;2006;82,02
Ambos sexos;31 Navarra;2005;81,62
Ambos sexos;31 Navarra;2004;81,46
Ambos sexos;31 Navarra;2003;80,91
Ambos sexos;31 Navarra;2002;80,83
Ambos sexos;31 Navarra;2001;81,01
Ambos sexos;31 Navarra;2000;80,40
Ambos sexos;31 Navarra;1999;80,15
Ambos sexos;31 Navarra;1998;79,97
Ambos sexos;31 Navarra;1997;80,06
Ambos sexos;31 Navarra;1996;79,44
Ambos sexos;31 Navarra;1995;79,31
Ambos sexos;31 Navarra;1994;79,32
Ambos sexos;31 Navarra;1993;78,92
Ambos sexos;31 Navarra;1992;78,92
Ambos sexos;31 Navarra;1991;78,08
Ambos sexos;31 Navarra;1990;77,97
Ambos sexos;31 Navarra;1989;77,72
Ambos sexos;31 Navarra;1988;77,55
Ambos sexos;31 Navarra;1987;77,26
Ambos sexos;31 Navarra;1986;76,82
Ambos sexos;31 Navarra;1985;76,45
Ambos sexos;31 Navarra;1984;76,73
Ambos sexos;31 Navarra;1983;75,98
Ambos sexos;31 Navarra;1982;75,72
Ambos sexos;31 Navarra;1981;75,74
Ambos sexos;31 Navarra;1980;75,07
Ambos sexos;31 Navarra;1979;75,08
Ambos sexos;31 Navarra;1978;74,24
Ambos sexos;31 Navarra;1977;74,44
Ambos sexos;31 Navarra;1976;73,74
Ambos sexos;31 Navarra;1975;72,97
Ambos sexos;32 Ourense;2023;83,51
Ambos sexos;32 Ourense;2022;83,58
Ambos sexos;32 Ourense;2021;83,52
Ambos sexos;32 Ourense;2020;83,06
Ambos sexos;32 Ourense;2019;83,57
Ambos sexos;32 Ourense;2018;83,30
Ambos sexos;32 Ourense;2017;83,77
Ambos sexos;32 Ourense;2016;83,04
Ambos sexos;32 Ourense;2015;83,20
Ambos sexos;32 Ourense;2014;83,66
Ambos sexos;32 Ourense;2013;82,63
Ambos sexos;32 Ourense;2012;82,39
Ambos sexos;32 Ourense;2011;81,90
Ambos sexos;32 Ourense;2010;82,22
Ambos sexos;32 Ourense;2009;82,24
Ambos sexos;32 Ourense;2008;81,43
Ambos sexos;32 Ourense;2007;81,46
Ambos sexos;32 Ourense;2006;81,18
Ambos sexos;32 Ourense;2005;81,03
Ambos sexos;32 Ourense;2004;81,32
Ambos sexos;32 Ourense;2003;80,50
Ambos sexos;32 Ourense;2002;80,70
Ambos sexos;32 Ourense;2001;80,67
Ambos sexos;32 Ourense;2000;79,90
Ambos sexos;32 Ourense;1999;80,06
Ambos sexos;32 Ourense;1998;79,23
Ambos sexos;32 Ourense;1997;79,17
Ambos sexos;32 Ourense;1996;78,34
Ambos sexos;32 Ourense;1995;78,58
Ambos sexos;32 Ourense;1994;78,43
Ambos sexos;32 Ourense;1993;78,02
Ambos sexos;32 Ourense;1992;78,12
Ambos sexos;32 Ourense;1991;77,96
Ambos sexos;32 Ourense;1990;77,21
Ambos sexos;32 Ourense;1989;77,28
Ambos sexos;32 Ourense;1988;77,83
Ambos sexos;32 Ourense;1987;77,13
Ambos sexos;32 Ourense;1986;76,70
Ambos sexos;32 Ourense;1985;76,89
Ambos sexos;32 Ourense;1984;76,48
Ambos sexos;32 Ourense;1983;76,68
Ambos sexos;32 Ourense;1982;76,54
Ambos sexos;32 Ourense;1981;76,08
Ambos sexos;32 Ourense;1980;75,44
Ambos sexos;32 Ourense;1979;75,02
Ambos sexos;32 Ourense;1978;74,40
Ambos sexos;32 Ourense;1977;74,65
Ambos sexos;32 Ourense;1976;74,10
Ambos sexos;32 Ourense;1975;73,47
Ambos sexos;34 Palencia;2023;84,04
Ambos sexos;34 Palencia;2022;82,27
Ambos sexos;34 Palencia;2021;82,48
Ambos sexos;34 Palencia;2020;81,17
Ambos sexos;34 Palencia;2019;83,30
Ambos sexos;34 Palencia;2018;82,85
Ambos sexos;34 Palencia;2017;83,16
Ambos sexos;34 Palencia;2016;83,15
Ambos sexos;34 Palencia;2015;83,00
Ambos sexos;34 Palencia;2014;82,18
Ambos sexos;34 Palencia;2013;83,18
Ambos sexos;34 Palencia;2012;82,40
Ambos sexos;34 Palencia;2011;82,29
Ambos sexos;34 Palencia;2010;81,93
Ambos sexos;34 Palencia;2009;81,32
Ambos sexos;34 Palencia;2008;82,22
Ambos sexos;34 Palencia;2007;80,96
Ambos sexos;34 Palencia;2006;81,13
Ambos sexos;34 Palencia;2005;80,74
Ambos sexos;34 Palencia;2004;81,07
Ambos sexos;34 Palencia;2003;80,27
Ambos sexos;34 Palencia;2002;80,00
Ambos sexos;34 Palencia;2001;80,06
Ambos sexos;34 Palencia;2000;79,47
Ambos sexos;34 Palencia;1999;78,99
Ambos sexos;34 Palencia;1998;79,28
Ambos sexos;34 Palencia;1997;79,28
Ambos sexos;34 Palencia;1996;78,64
Ambos sexos;34 Palencia;1995;79,27
Ambos sexos;34 Palencia;1994;78,76
Ambos sexos;34 Palencia;1993;77,53
Ambos sexos;34 Palencia;1992;77,65
Ambos sexos;34 Palencia;1991;77,60
Ambos sexos;34 Palencia;1990;76,96
Ambos sexos;34 Palencia;1989;76,86
Ambos sexos;34 Palencia;1988;77,76
Ambos sexos;34 Palencia;1987;76,65
Ambos sexos;34 Palencia;1986;76,65
Ambos sexos;34 Palencia;1985;76,12
Ambos sexos;34 Palencia;1984;75,89
Ambos sexos;34 Palencia;1983;76,42
Ambos sexos;34 Palencia;1982;75,60
Ambos sexos;34 Palencia;1981;74,50
Ambos sexos;34 Palencia;1980;74,47
Ambos sexos;34 Palencia;1979;73,73
Ambos sexos;34 Palencia;1978;73,55
Ambos sexos;34 Palencia;1977;72,90
Ambos sexos;34 Palencia;1976;72,27
Ambos sexos;34 Palencia;1975;71,80
Ambos sexos;35 Palmas, Las;2023;82,08
Ambos sexos;35 Palmas, Las;2022;81,56
Ambos sexos;35 Palmas, Las;2021;81,92
Ambos sexos;35 Palmas, Las;2020;81,90
Ambos sexos;35 Palmas, Las;2019;82,27
Ambos sexos;35 Palmas, Las;2018;81,69
Ambos sexos;35 Palmas, Las;2017;81,99
Ambos sexos;35 Palmas, Las;2016;81,85
Ambos sexos;35 Palmas, Las;2015;81,62
Ambos sexos;35 Palmas, Las;2014;81,74
Ambos sexos;35 Palmas, Las;2013;81,69
Ambos sexos;35 Palmas, Las;2012;81,25
Ambos sexos;35 Palmas, Las;2011;81,26
Ambos sexos;35 Palmas, Las;2010;81,28
Ambos sexos;35 Palmas, Las;2009;80,85
Ambos sexos;35 Palmas, Las;2008;79,34
Ambos sexos;35 Palmas, Las;2007;79,90
Ambos sexos;35 Palmas, Las;2006;79,45
Ambos sexos;35 Palmas, Las;2005;78,82
Ambos sexos;35 Palmas, Las;2004;78,62
Ambos sexos;35 Palmas, Las;2003;78,21
Ambos sexos;35 Palmas, Las;2002;77,87
Ambos sexos;35 Palmas, Las;2001;77,57
Ambos sexos;35 Palmas, Las;2000;77,00
Ambos sexos;35 Palmas, Las;1999;76,70
Ambos sexos;35 Palmas, Las;1998;77,08
Ambos sexos;35 Palmas, Las;1997;77,24
Ambos sexos;35 Palmas, Las;1996;76,95
Ambos sexos;35 Palmas, Las;1995;77,06
Ambos sexos;35 Palmas, Las;1994;76,61
Ambos sexos;35 Palmas, Las;1993;75,79
Ambos sexos;35 Palmas, Las;1992;76,20
Ambos sexos;35 Palmas, Las;1991;75,43
Ambos sexos;35 Palmas, Las;1990;75,31
Ambos sexos;35 Palmas, Las;1989;74,71
Ambos sexos;35 Palmas, Las;1988;74,57
Ambos sexos;35 Palmas, Las;1987;74,90
Ambos sexos;35 Palmas, Las;1986;75,36
Ambos sexos;35 Palmas, Las;1985;74,46
Ambos sexos;35 Palmas, Las;1984;74,95
Ambos sexos;35 Palmas, Las;1983;74,23
Ambos sexos;35 Palmas, Las;1982;74,13
Ambos sexos;35 Palmas, Las;1981;74,19
Ambos sexos;35 Palmas, Las;1980;73,71
Ambos sexos;35 Palmas, Las;1979;72,61
Ambos sexos;35 Palmas, Las;1978;72,40
Ambos sexos;35 Palmas, Las;1977;72,91
Ambos sexos;35 Palmas, Las;1976;71,83
Ambos sexos;35 Palmas, Las;1975;72,63
Ambos sexos;36 Pontevedra;2023;83,62
Ambos sexos;36 Pontevedra;2022;83,26
Ambos sexos;36 Pontevedra;2021;83,65
Ambos sexos;36 Pontevedra;2020;83,40
Ambos sexos;36 Pontevedra;2019;83,59
Ambos sexos;36 Pontevedra;2018;83,44
Ambos sexos;36 Pontevedra;2017;83,02
Ambos sexos;36 Pontevedra;2016;82,65
Ambos sexos;36 Pontevedra;2015;82,78
Ambos sexos;36 Pontevedra;2014;83,07
Ambos sexos;36 Pontevedra;2013;82,79
Ambos sexos;36 Pontevedra;2012;82,20
Ambos sexos;36 Pontevedra;2011;82,18
Ambos sexos;36 Pontevedra;2010;81,97
Ambos sexos;36 Pontevedra;2009;81,53
Ambos sexos;36 Pontevedra;2008;81,39
Ambos sexos;36 Pontevedra;2007;80,90
Ambos sexos;36 Pontevedra;2006;80,73
Ambos sexos;36 Pontevedra;2005;80,41
Ambos sexos;36 Pontevedra;2004;80,56
Ambos sexos;36 Pontevedra;2003;79,95
Ambos sexos;36 Pontevedra;2002;79,78
Ambos sexos;36 Pontevedra;2001;79,71
Ambos sexos;36 Pontevedra;2000;79,18
Ambos sexos;36 Pontevedra;1999;79,16
Ambos sexos;36 Pontevedra;1998;78,84
Ambos sexos;36 Pontevedra;1997;78,39
Ambos sexos;36 Pontevedra;1996;77,80
Ambos sexos;36 Pontevedra;1995;77,85
Ambos sexos;36 Pontevedra;1994;77,63
Ambos sexos;36 Pontevedra;1993;77,23
Ambos sexos;36 Pontevedra;1992;77,35
Ambos sexos;36 Pontevedra;1991;76,72
Ambos sexos;36 Pontevedra;1990;76,09
Ambos sexos;36 Pontevedra;1989;76,27
Ambos sexos;36 Pontevedra;1988;76,27
Ambos sexos;36 Pontevedra;1987;76,19
Ambos sexos;36 Pontevedra;1986;75,30
Ambos sexos;36 Pontevedra;1985;75,73
Ambos sexos;36 Pontevedra;1984;75,72
Ambos sexos;36 Pontevedra;1983;75,34
Ambos sexos;36 Pontevedra;1982;75,35
Ambos sexos;36 Pontevedra;1981;74,75
Ambos sexos;36 Pontevedra;1980;74,58
Ambos sexos;36 Pontevedra;1979;73,66
Ambos sexos;36 Pontevedra;1978;73,40
Ambos sexos;36 Pontevedra;1977;72,82
Ambos sexos;36 Pontevedra;1976;72,70
Ambos sexos;36 Pontevedra;1975;72,78
Ambos sexos;26 Rioja, La;2023;84,17
Ambos sexos;26 Rioja, La;2022;83,20
Ambos sexos;26 Rioja, La;2021;83,27
Ambos sexos;26 Rioja, La;2020;82,50
Ambos sexos;26 Rioja, La;2019;83,83
Ambos sexos;26 Rioja, La;2018;83,63
Ambos sexos;26 Rioja, La;2017;83,61
Ambos sexos;26 Rioja, La;2016;83,80
Ambos sexos;26 Rioja, La;2015;83,37
Ambos sexos;26 Rioja, La;2014;83,78
Ambos sexos;26 Rioja, La;2013;83,61
Ambos sexos;26 Rioja, La;2012;82,66
Ambos sexos;26 Rioja, La;2011;82,85
Ambos sexos;26 Rioja, La;2010;82,95
Ambos sexos;26 Rioja, La;2009;82,52
Ambos sexos;26 Rioja, La;2008;81,93
Ambos sexos;26 Rioja, La;2007;81,49
Ambos sexos;26 Rioja, La;2006;81,88
Ambos sexos;26 Rioja, La;2005;80,97
Ambos sexos;26 Rioja, La;2004;81,35
Ambos sexos;26 Rioja, La;2003;80,60
Ambos sexos;26 Rioja, La;2002;80,48
Ambos sexos;26 Rioja, La;2001;80,55
Ambos sexos;26 Rioja, La;2000;80,43
Ambos sexos;26 Rioja, La;1999;79,45
Ambos sexos;26 Rioja, La;1998;79,66
Ambos sexos;26 Rioja, La;1997;79,85
Ambos sexos;26 Rioja, La;1996;79,16
Ambos sexos;26 Rioja, La;1995;79,10
Ambos sexos;26 Rioja, La;1994;79,01
Ambos sexos;26 Rioja, La;1993;78,47
Ambos sexos;26 Rioja, La;1992;77,94
Ambos sexos;26 Rioja, La;1991;77,76
Ambos sexos;26 Rioja, La;1990;76,68
Ambos sexos;26 Rioja, La;1989;77,18
Ambos sexos;26 Rioja, La;1988;77,11
Ambos sexos;26 Rioja, La;1987;76,37
Ambos sexos;26 Rioja, La;1986;76,81
Ambos sexos;26 Rioja, La;1985;75,95
Ambos sexos;26 Rioja, La;1984;76,95
Ambos sexos;26 Rioja, La;1983;76,14
Ambos sexos;26 Rioja, La;1982;76,22
Ambos sexos;26 Rioja, La;1981;74,97
Ambos sexos;26 Rioja, La;1980;74,98
Ambos sexos;26 Rioja, La;1979;74,71
Ambos sexos;26 Rioja, La;1978;74,61
Ambos sexos;26 Rioja, La;1977;74,10
Ambos sexos;26 Rioja, La;1976;73,88
Ambos sexos;26 Rioja, La;1975;73,11
Ambos sexos;37 Salamanca;2023;85,40
Ambos sexos;37 Salamanca;2022;84,12
Ambos sexos;37 Salamanca;2021;84,73
Ambos sexos;37 Salamanca;2020;82,53
Ambos sexos;37 Salamanca;2019;84,69
Ambos sexos;37 Salamanca;2018;84,68
Ambos sexos;37 Salamanca;2017;84,41
Ambos sexos;37 Salamanca;2016;84,47
Ambos sexos;37 Salamanca;2015;84,58
Ambos sexos;37 Salamanca;2014;84,58
Ambos sexos;37 Salamanca;2013;84,31
Ambos sexos;37 Salamanca;2012;83,77
Ambos sexos;37 Salamanca;2011;83,94
Ambos sexos;37 Salamanca;2010;83,68
Ambos sexos;37 Salamanca;2009;82,96
Ambos sexos;37 Salamanca;2008;82,79
Ambos sexos;37 Salamanca;2007;82,60
Ambos sexos;37 Salamanca;2006;82,75
Ambos sexos;37 Salamanca;2005;82,24
Ambos sexos;37 Salamanca;2004;82,48
Ambos sexos;37 Salamanca;2003;80,85
Ambos sexos;37 Salamanca;2002;80,85
Ambos sexos;37 Salamanca;2001;81,42
Ambos sexos;37 Salamanca;2000;80,94
Ambos sexos;37 Salamanca;1999;80,22
Ambos sexos;37 Salamanca;1998;79,99
Ambos sexos;37 Salamanca;1997;80,08
Ambos sexos;37 Salamanca;1996;79,68
Ambos sexos;37 Salamanca;1995;79,90
Ambos sexos;37 Salamanca;1994;80,00
Ambos sexos;37 Salamanca;1993;79,07
Ambos sexos;37 Salamanca;1992;79,24
Ambos sexos;37 Salamanca;1991;78,53
Ambos sexos;37 Salamanca;1990;78,29
Ambos sexos;37 Salamanca;1989;78,35
Ambos sexos;37 Salamanca;1988;78,07
Ambos sexos;37 Salamanca;1987;78,26
Ambos sexos;37 Salamanca;1986;78,56
Ambos sexos;37 Salamanca;1985;77,89
Ambos sexos;37 Salamanca;1984;77,69
Ambos sexos;37 Salamanca;1983;77,55
Ambos sexos;37 Salamanca;1982;78,20
Ambos sexos;37 Salamanca;1981;77,72
Ambos sexos;37 Salamanca;1980;77,48
Ambos sexos;37 Salamanca;1979;76,30
Ambos sexos;37 Salamanca;1978;75,73
Ambos sexos;37 Salamanca;1977;75,61
Ambos sexos;37 Salamanca;1976;74,46
Ambos sexos;37 Salamanca;1975;74,76
Ambos sexos;38 Santa Cruz de Tenerife;2023;82,85
Ambos sexos;38 Santa Cruz de Tenerife;2022;82,01
Ambos sexos;38 Santa Cruz de Tenerife;2021;82,30
Ambos sexos;38 Santa Cruz de Tenerife;2020;82,63
Ambos sexos;38 Santa Cruz de Tenerife;2019;82,56
Ambos sexos;38 Santa Cruz de Tenerife;2018;81,90
Ambos sexos;38 Santa Cruz de Tenerife;2017;82,27
Ambos sexos;38 Santa Cruz de Tenerife;2016;82,10
Ambos sexos;38 Santa Cruz de Tenerife;2015;81,75
Ambos sexos;38 Santa Cruz de Tenerife;2014;81,95
Ambos sexos;38 Santa Cruz de Tenerife;2013;82,25
Ambos sexos;38 Santa Cruz de Tenerife;2012;81,57
Ambos sexos;38 Santa Cruz de Tenerife;2011;81,31
Ambos sexos;38 Santa Cruz de Tenerife;2010;81,48
Ambos sexos;38 Santa Cruz de Tenerife;2009;80,97
Ambos sexos;38 Santa Cruz de Tenerife;2008;80,25
Ambos sexos;38 Santa Cruz de Tenerife;2007;79,62
Ambos sexos;38 Santa Cruz de Tenerife;2006;79,73
Ambos sexos;38 Santa Cruz de Tenerife;2005;79,38
Ambos sexos;38 Santa Cruz de Tenerife;2004;78,88
Ambos sexos;38 Santa Cruz de Tenerife;2003;79,00
Ambos sexos;38 Santa Cruz de Tenerife;2002;79,34
Ambos sexos;38 Santa Cruz de Tenerife;2001;78,56
Ambos sexos;38 Santa Cruz de Tenerife;2000;78,01
Ambos sexos;38 Santa Cruz de Tenerife;1999;78,18
Ambos sexos;38 Santa Cruz de Tenerife;1998;77,52
Ambos sexos;38 Santa Cruz de Tenerife;1997;77,94
Ambos sexos;38 Santa Cruz de Tenerife;1996;77,34
Ambos sexos;38 Santa Cruz de Tenerife;1995;78,00
Ambos sexos;38 Santa Cruz de Tenerife;1994;77,66
Ambos sexos;38 Santa Cruz de Tenerife;1993;77,14
Ambos sexos;38 Santa Cruz de Tenerife;1992;77,17
Ambos sexos;38 Santa Cruz de Tenerife;1991;77,19
Ambos sexos;38 Santa Cruz de Tenerife;1990;76,44
Ambos sexos;38 Santa Cruz de Tenerife;1989;75,90
Ambos sexos;38 Santa Cruz de Tenerife;1988;75,71
Ambos sexos;38 Santa Cruz de Tenerife;1987;75,82
Ambos sexos;38 Santa Cruz de Tenerife;1986;75,85
Ambos sexos;38 Santa Cruz de Tenerife;1985;75,61
Ambos sexos;38 Santa Cruz de Tenerife;1984;75,01
Ambos sexos;38 Santa Cruz de Tenerife;1983;75,59
Ambos sexos;38 Santa Cruz de Tenerife;1982;75,43
Ambos sexos;38 Santa Cruz de Tenerife;1981;74,69
Ambos sexos;38 Santa Cruz de Tenerife;1980;74,78
Ambos sexos;38 Santa Cruz de Tenerife;1979;74,20
Ambos sexos;38 Santa Cruz de Tenerife;1978;73,93
Ambos sexos;38 Santa Cruz de Tenerife;1977;74,45
Ambos sexos;38 Santa Cruz de Tenerife;1976;73,43
Ambos sexos;38 Santa Cruz de Tenerife;1975;73,77
Ambos sexos;40 Segovia;2023;83,92
Ambos sexos;40 Segovia;2022;84,41
Ambos sexos;40 Segovia;2021;84,06
Ambos sexos;40 Segovia;2020;81,49
Ambos sexos;40 Segovia;2019;84,70
Ambos sexos;40 Segovia;2018;83,94
Ambos sexos;40 Segovia;2017;83,92
Ambos sexos;40 Segovia;2016;84,01
Ambos sexos;40 Segovia;2015;83,28
Ambos sexos;40 Segovia;2014;84,09
Ambos sexos;40 Segovia;2013;83,76
Ambos sexos;40 Segovia;2012;83,64
Ambos sexos;40 Segovia;2011;83,40
Ambos sexos;40 Segovia;2010;83,35
Ambos sexos;40 Segovia;2009;83,12
Ambos sexos;40 Segovia;2008;82,85
Ambos sexos;40 Segovia;2007;82,47
Ambos sexos;40 Segovia;2006;82,50
Ambos sexos;40 Segovia;2005;81,96
Ambos sexos;40 Segovia;2004;81,28
Ambos sexos;40 Segovia;2003;81,42
Ambos sexos;40 Segovia;2002;81,36
Ambos sexos;40 Segovia;2001;81,70
Ambos sexos;40 Segovia;2000;81,34
Ambos sexos;40 Segovia;1999;80,77
Ambos sexos;40 Segovia;1998;81,14
Ambos sexos;40 Segovia;1997;80,65
Ambos sexos;40 Segovia;1996;80,49
Ambos sexos;40 Segovia;1995;80,75
Ambos sexos;40 Segovia;1994;79,92
Ambos sexos;40 Segovia;1993;79,67
Ambos sexos;40 Segovia;1992;79,47
Ambos sexos;40 Segovia;1991;80,13
Ambos sexos;40 Segovia;1990;78,78
Ambos sexos;40 Segovia;1989;78,60
Ambos sexos;40 Segovia;1988;78,42
Ambos sexos;40 Segovia;1987;78,76
Ambos sexos;40 Segovia;1986;78,67
Ambos sexos;40 Segovia;1985;76,73
Ambos sexos;40 Segovia;1984;77,35
Ambos sexos;40 Segovia;1983;78,00
Ambos sexos;40 Segovia;1982;77,10
Ambos sexos;40 Segovia;1981;75,57
Ambos sexos;40 Segovia;1980;76,20
Ambos sexos;40 Segovia;1979;76,04
Ambos sexos;40 Segovia;1978;75,46
Ambos sexos;40 Segovia;1977;74,80
Ambos sexos;40 Segovia;1976;75,40
Ambos sexos;40 Segovia;1975;74,27
Ambos sexos;41 Sevilla;2023;82,58
Ambos sexos;41 Sevilla;2022;81,74
Ambos sexos;41 Sevilla;2021;81,44
Ambos sexos;41 Sevilla;2020;81,39
Ambos sexos;41 Sevilla;2019;81,99
Ambos sexos;41 Sevilla;2018;81,83
Ambos sexos;41 Sevilla;2017;81,39
Ambos sexos;41 Sevilla;2016;81,73
Ambos sexos;41 Sevilla;2015;81,09
Ambos sexos;41 Sevilla;2014;81,59
Ambos sexos;41 Sevilla;2013;81,36
Ambos sexos;41 Sevilla;2012;80,79
Ambos sexos;41 Sevilla;2011;80,59
Ambos sexos;41 Sevilla;2010;80,38
Ambos sexos;41 Sevilla;2009;80,08
Ambos sexos;41 Sevilla;2008;79,56
Ambos sexos;41 Sevilla;2007;79,41
Ambos sexos;41 Sevilla;2006;79,26
Ambos sexos;41 Sevilla;2005;78,87
Ambos sexos;41 Sevilla;2004;78,65
Ambos sexos;41 Sevilla;2003;78,03
Ambos sexos;41 Sevilla;2002;78,35
Ambos sexos;41 Sevilla;2001;78,20
Ambos sexos;41 Sevilla;2000;78,01
Ambos sexos;41 Sevilla;1999;77,23
Ambos sexos;41 Sevilla;1998;77,22
Ambos sexos;41 Sevilla;1997;77,52
Ambos sexos;41 Sevilla;1996;77,07
Ambos sexos;41 Sevilla;1995;76,76
Ambos sexos;41 Sevilla;1994;76,87
Ambos sexos;41 Sevilla;1993;76,48
Ambos sexos;41 Sevilla;1992;76,18
Ambos sexos;41 Sevilla;1991;75,71
Ambos sexos;41 Sevilla;1990;75,73
Ambos sexos;41 Sevilla;1989;75,61
Ambos sexos;41 Sevilla;1988;75,51
Ambos sexos;41 Sevilla;1987;75,51
Ambos sexos;41 Sevilla;1986;75,43
Ambos sexos;41 Sevilla;1985;75,10
Ambos sexos;41 Sevilla;1984;75,27
Ambos sexos;41 Sevilla;1983;74,90
Ambos sexos;41 Sevilla;1982;74,58
Ambos sexos;41 Sevilla;1981;74,11
Ambos sexos;41 Sevilla;1980;74,21
Ambos sexos;41 Sevilla;1979;73,90
Ambos sexos;41 Sevilla;1978;73,42
Ambos sexos;41 Sevilla;1977;73,48
Ambos sexos;41 Sevilla;1976;72,78
Ambos sexos;41 Sevilla;1975;73,01
Ambos sexos;42 Soria;2023;84,73
Ambos sexos;42 Soria;2022;83,29
Ambos sexos;42 Soria;2021;83,63
Ambos sexos;42 Soria;2020;82,26
Ambos sexos;42 Soria;2019;84,48
Ambos sexos;42 Soria;2018;84,52
Ambos sexos;42 Soria;2017;84,78
Ambos sexos;42 Soria;2016;83,02
Ambos sexos;42 Soria;2015;84,05
Ambos sexos;42 Soria;2014;84,02
Ambos sexos;42 Soria;2013;84,45
Ambos sexos;42 Soria;2012;83,64
Ambos sexos;42 Soria;2011;84,00
Ambos sexos;42 Soria;2010;83,85
Ambos sexos;42 Soria;2009;83,36
Ambos sexos;42 Soria;2008;82,79
Ambos sexos;42 Soria;2007;82,42
Ambos sexos;42 Soria;2006;82,21
Ambos sexos;42 Soria;2005;81,71
Ambos sexos;42 Soria;2004;80,89
Ambos sexos;42 Soria;2003;82,82
Ambos sexos;42 Soria;2002;82,13
Ambos sexos;42 Soria;2001;83,28
Ambos sexos;42 Soria;2000;80,70
Ambos sexos;42 Soria;1999;81,32
Ambos sexos;42 Soria;1998;81,30
Ambos sexos;42 Soria;1997;81,72
Ambos sexos;42 Soria;1996;80,54
Ambos sexos;42 Soria;1995;80,29
Ambos sexos;42 Soria;1994;81,59
Ambos sexos;42 Soria;1993;80,39
Ambos sexos;42 Soria;1992;80,18
Ambos sexos;42 Soria;1991;79,94
Ambos sexos;42 Soria;1990;79,99
Ambos sexos;42 Soria;1989;78,56
Ambos sexos;42 Soria;1988;78,32
Ambos sexos;42 Soria;1987;79,10
Ambos sexos;42 Soria;1986;78,66
Ambos sexos;42 Soria;1985;78,56
Ambos sexos;42 Soria;1984;78,36
Ambos sexos;42 Soria;1983;79,08
Ambos sexos;42 Soria;1982;77,73
Ambos sexos;42 Soria;1981;77,42
Ambos sexos;42 Soria;1980;76,09
Ambos sexos;42 Soria;1979;76,35
Ambos sexos;42 Soria;1978;75,55
Ambos sexos;42 Soria;1977;75,53
Ambos sexos;42 Soria;1976;76,10
Ambos sexos;42 Soria;1975;75,88
Ambos sexos;43 Tarragona;2023;83,24
Ambos sexos;43 Tarragona;2022;82,86
Ambos sexos;43 Tarragona;2021;82,94
Ambos sexos;43 Tarragona;2020;82,20
Ambos sexos;43 Tarragona;2019;83,30
Ambos sexos;43 Tarragona;2018;82,76
Ambos sexos;43 Tarragona;2017;83,03
Ambos sexos;43 Tarragona;2016;82,83
Ambos sexos;43 Tarragona;2015;82,52
Ambos sexos;43 Tarragona;2014;82,85
Ambos sexos;43 Tarragona;2013;82,52
Ambos sexos;43 Tarragona;2012;82,05
Ambos sexos;43 Tarragona;2011;82,24
Ambos sexos;43 Tarragona;2010;82,00
Ambos sexos;43 Tarragona;2009;81,49
Ambos sexos;43 Tarragona;2008;81,13
Ambos sexos;43 Tarragona;2007;80,93
Ambos sexos;43 Tarragona;2006;80,74
Ambos sexos;43 Tarragona;2005;80,04
Ambos sexos;43 Tarragona;2004;80,16
Ambos sexos;43 Tarragona;2003;79,61
Ambos sexos;43 Tarragona;2002;79,53
Ambos sexos;43 Tarragona;2001;79,77
Ambos sexos;43 Tarragona;2000;79,20
Ambos sexos;43 Tarragona;1999;78,55
Ambos sexos;43 Tarragona;1998;79,02
Ambos sexos;43 Tarragona;1997;78,80
Ambos sexos;43 Tarragona;1996;78,72
Ambos sexos;43 Tarragona;1995;78,13
Ambos sexos;43 Tarragona;1994;78,10
Ambos sexos;43 Tarragona;1993;77,75
Ambos sexos;43 Tarragona;1992;77,68
Ambos sexos;43 Tarragona;1991;77,53
Ambos sexos;43 Tarragona;1990;76,69
Ambos sexos;43 Tarragona;1989;77,09
Ambos sexos;43 Tarragona;1988;77,19
Ambos sexos;43 Tarragona;1987;77,30
Ambos sexos;43 Tarragona;1986;77,01
Ambos sexos;43 Tarragona;1985;76,43
Ambos sexos;43 Tarragona;1984;76,48
Ambos sexos;43 Tarragona;1983;75,81
Ambos sexos;43 Tarragona;1982;76,34
Ambos sexos;43 Tarragona;1981;75,45
Ambos sexos;43 Tarragona;1980;75,09
Ambos sexos;43 Tarragona;1979;75,15
Ambos sexos;43 Tarragona;1978;73,90
Ambos sexos;43 Tarragona;1977;73,89
Ambos sexos;43 Tarragona;1976;73,38
Ambos sexos;43 Tarragona;1975;72,98
Ambos sexos;44 Teruel;2023;84,17
Ambos sexos;44 Teruel;2022;83,14
Ambos sexos;44 Teruel;2021;83,69
Ambos sexos;44 Teruel;2020;82,65
Ambos sexos;44 Teruel;2019;84,20
Ambos sexos;44 Teruel;2018;83,57
Ambos sexos;44 Teruel;2017;83,56
Ambos sexos;44 Teruel;2016;83,72
Ambos sexos;44 Teruel;2015;83,01
Ambos sexos;44 Teruel;2014;83,13
Ambos sexos;44 Teruel;2013;83,02
Ambos sexos;44 Teruel;2012;83,10
Ambos sexos;44 Teruel;2011;82,54
Ambos sexos;44 Teruel;2010;82,42
Ambos sexos;44 Teruel;2009;82,22
Ambos sexos;44 Teruel;2008;82,50
Ambos sexos;44 Teruel;2007;81,68
Ambos sexos;44 Teruel;2006;81,87
Ambos sexos;44 Teruel;2005;81,01
Ambos sexos;44 Teruel;2004;81,07
Ambos sexos;44 Teruel;2003;80,68
Ambos sexos;44 Teruel;2002;81,17
Ambos sexos;44 Teruel;2001;80,98
Ambos sexos;44 Teruel;2000;80,60
Ambos sexos;44 Teruel;1999;79,70
Ambos sexos;44 Teruel;1998;79,88
Ambos sexos;44 Teruel;1997;79,11
Ambos sexos;44 Teruel;1996;80,76
Ambos sexos;44 Teruel;1995;79,44
Ambos sexos;44 Teruel;1994;79,95
Ambos sexos;44 Teruel;1993;79,84
Ambos sexos;44 Teruel;1992;79,53
Ambos sexos;44 Teruel;1991;78,92
Ambos sexos;44 Teruel;1990;79,02
Ambos sexos;44 Teruel;1989;78,43
Ambos sexos;44 Teruel;1988;79,17
Ambos sexos;44 Teruel;1987;78,66
Ambos sexos;44 Teruel;1986;77,62
Ambos sexos;44 Teruel;1985;78,42
Ambos sexos;44 Teruel;1984;77,44
Ambos sexos;44 Teruel;1983;77,13
Ambos sexos;44 Teruel;1982;77,41
Ambos sexos;44 Teruel;1981;77,08
Ambos sexos;44 Teruel;1980;76,80
Ambos sexos;44 Teruel;1979;76,44
Ambos sexos;44 Teruel;1978;76,03
Ambos sexos;44 Teruel;1977;75,08
Ambos sexos;44 Teruel;1976;74,78
Ambos sexos;44 Teruel;1975;74,41
Ambos sexos;45 Toledo;2023;84,29
Ambos sexos;45 Toledo;2022;83,77
Ambos sexos;45 Toledo;2021;82,96
Ambos sexos;45 Toledo;2020;81,56
Ambos sexos;45 Toledo;2019;83,79
Ambos sexos;45 Toledo;2018;83,65
Ambos sexos;45 Toledo;2017;82,81
Ambos sexos;45 Toledo;2016;83,55
Ambos sexos;45 Toledo;2015;83,14
Ambos sexos;45 Toledo;2014;83,80
Ambos sexos;45 Toledo;2013;83,46
Ambos sexos;45 Toledo;2012;83,18
Ambos sexos;45 Toledo;2011;83,21
Ambos sexos;45 Toledo;2010;82,83
Ambos sexos;45 Toledo;2009;82,44
Ambos sexos;45 Toledo;2008;81,94
Ambos sexos;45 Toledo;2007;81,31
Ambos sexos;45 Toledo;2006;81,88
Ambos sexos;45 Toledo;2005;80,82
Ambos sexos;45 Toledo;2004;81,06
Ambos sexos;45 Toledo;2003;80,56
Ambos sexos;45 Toledo;2002;80,64
Ambos sexos;45 Toledo;2001;79,98
Ambos sexos;45 Toledo;2000;80,22
Ambos sexos;45 Toledo;1999;79,68
Ambos sexos;45 Toledo;1998;79,95
Ambos sexos;45 Toledo;1997;79,82
Ambos sexos;45 Toledo;1996;79,07
Ambos sexos;45 Toledo;1995;78,90
Ambos sexos;45 Toledo;1994;78,89
Ambos sexos;45 Toledo;1993;78,48
Ambos sexos;45 Toledo;1992;78,42
Ambos sexos;45 Toledo;1991;78,29
Ambos sexos;45 Toledo;1990;78,04
Ambos sexos;45 Toledo;1989;77,59
Ambos sexos;45 Toledo;1988;78,16
Ambos sexos;45 Toledo;1987;77,78
Ambos sexos;45 Toledo;1986;77,64
Ambos sexos;45 Toledo;1985;77,14
Ambos sexos;45 Toledo;1984;77,22
Ambos sexos;45 Toledo;1983;77,30
Ambos sexos;45 Toledo;1982;77,45
Ambos sexos;45 Toledo;1981;76,49
Ambos sexos;45 Toledo;1980;76,38
Ambos sexos;45 Toledo;1979;75,74
Ambos sexos;45 Toledo;1978;75,55
Ambos sexos;45 Toledo;1977;75,48
Ambos sexos;45 Toledo;1976;74,55
Ambos sexos;45 Toledo;1975;74,49
Ambos sexos;46 Valencia/València;2023;82,97
Ambos sexos;46 Valencia/València;2022;82,34
Ambos sexos;46 Valencia/València;2021;82,22
Ambos sexos;46 Valencia/València;2020;82,16
Ambos sexos;46 Valencia/València;2019;82,88
Ambos sexos;46 Valencia/València;2018;82,45
Ambos sexos;46 Valencia/València;2017;82,26
Ambos sexos;46 Valencia/València;2016;82,31
Ambos sexos;46 Valencia/València;2015;81,96
Ambos sexos;46 Valencia/València;2014;82,19
Ambos sexos;46 Valencia/València;2013;82,18
Ambos sexos;46 Valencia/València;2012;81,61
Ambos sexos;46 Valencia/València;2011;81,42
Ambos sexos;46 Valencia/València;2010;81,08
Ambos sexos;46 Valencia/València;2009;80,91
Ambos sexos;46 Valencia/València;2008;80,52
Ambos sexos;46 Valencia/València;2007;80,13
Ambos sexos;46 Valencia/València;2006;80,14
Ambos sexos;46 Valencia/València;2005;79,38
Ambos sexos;46 Valencia/València;2004;79,54
Ambos sexos;46 Valencia/València;2003;78,81
Ambos sexos;46 Valencia/València;2002;78,78
Ambos sexos;46 Valencia/València;2001;78,93
Ambos sexos;46 Valencia/València;2000;78,60
Ambos sexos;46 Valencia/València;1999;77,91
Ambos sexos;46 Valencia/València;1998;78,20
Ambos sexos;46 Valencia/València;1997;77,56
Ambos sexos;46 Valencia/València;1996;77,29
Ambos sexos;46 Valencia/València;1995;77,36
Ambos sexos;46 Valencia/València;1994;76,85
Ambos sexos;46 Valencia/València;1993;76,77
Ambos sexos;46 Valencia/València;1992;76,27
Ambos sexos;46 Valencia/València;1991;76,18
Ambos sexos;46 Valencia/València;1990;76,05
Ambos sexos;46 Valencia/València;1989;75,66
Ambos sexos;46 Valencia/València;1988;75,62
Ambos sexos;46 Valencia/València;1987;75,73
Ambos sexos;46 Valencia/València;1986;75,73
Ambos sexos;46 Valencia/València;1985;75,45
Ambos sexos;46 Valencia/València;1984;75,56
Ambos sexos;46 Valencia/València;1983;75,07
Ambos sexos;46 Valencia/València;1982;74,97
Ambos sexos;46 Valencia/València;1981;74,54
Ambos sexos;46 Valencia/València;1980;74,13
Ambos sexos;46 Valencia/València;1979;73,80
Ambos sexos;46 Valencia/València;1978;73,26
Ambos sexos;46 Valencia/València;1977;73,33
Ambos sexos;46 Valencia/València;1976;73,06
Ambos sexos;46 Valencia/València;1975;72,79
Ambos sexos;47 Valladolid;2023;84,72
Ambos sexos;47 Valladolid;2022;84,09
Ambos sexos;47 Valladolid;2021;83,96
Ambos sexos;47 Valladolid;2020;82,92
Ambos sexos;47 Valladolid;2019;84,62
Ambos sexos;47 Valladolid;2018;84,28
Ambos sexos;47 Valladolid;2017;83,96
Ambos sexos;47 Valladolid;2016;84,18
Ambos sexos;47 Valladolid;2015;83,23
Ambos sexos;47 Valladolid;2014;83,86
Ambos sexos;47 Valladolid;2013;83,69
Ambos sexos;47 Valladolid;2012;83,16
Ambos sexos;47 Valladolid;2011;83,04
Ambos sexos;47 Valladolid;2010;82,47
Ambos sexos;47 Valladolid;2009;82,66
Ambos sexos;47 Valladolid;2008;81,88
Ambos sexos;47 Valladolid;2007;81,93
Ambos sexos;47 Valladolid;2006;81,61
Ambos sexos;47 Valladolid;2005;80,94
Ambos sexos;47 Valladolid;2004;80,92
Ambos sexos;47 Valladolid;2003;80,78
Ambos sexos;47 Valladolid;2002;80,61
Ambos sexos;47 Valladolid;2001;80,69
Ambos sexos;47 Valladolid;2000;80,30
Ambos sexos;47 Valladolid;1999;80,14
Ambos sexos;47 Valladolid;1998;79,71
Ambos sexos;47 Valladolid;1997;79,84
Ambos sexos;47 Valladolid;1996;79,37
Ambos sexos;47 Valladolid;1995;79,23
Ambos sexos;47 Valladolid;1994;79,47
Ambos sexos;47 Valladolid;1993;78,99
Ambos sexos;47 Valladolid;1992;78,80
Ambos sexos;47 Valladolid;1991;78,42
Ambos sexos;47 Valladolid;1990;78,42
Ambos sexos;47 Valladolid;1989;78,12
Ambos sexos;47 Valladolid;1988;78,08
Ambos sexos;47 Valladolid;1987;78,20
Ambos sexos;47 Valladolid;1986;78,64
Ambos sexos;47 Valladolid;1985;78,36
Ambos sexos;47 Valladolid;1984;78,13
Ambos sexos;47 Valladolid;1983;77,94
Ambos sexos;47 Valladolid;1982;78,21
Ambos sexos;47 Valladolid;1981;77,56
Ambos sexos;47 Valladolid;1980;76,57
Ambos sexos;47 Valladolid;1979;76,32
Ambos sexos;47 Valladolid;1978;75,29
Ambos sexos;47 Valladolid;1977;74,68
Ambos sexos;47 Valladolid;1976;73,98
Ambos sexos;47 Valladolid;1975;74,11
Ambos sexos;49 Zamora;2023;85,15
Ambos sexos;49 Zamora;2022;83,62
Ambos sexos;49 Zamora;2021;84,15
Ambos sexos;49 Zamora;2020;82,90
Ambos sexos;49 Zamora;2019;83,42
Ambos sexos;49 Zamora;2018;83,15
Ambos sexos;49 Zamora;2017;83,06
Ambos sexos;49 Zamora;2016;83,23
Ambos sexos;49 Zamora;2015;83,61
Ambos sexos;49 Zamora;2014;83,41
Ambos sexos;49 Zamora;2013;83,27
Ambos sexos;49 Zamora;2012;83,22
Ambos sexos;49 Zamora;2011;83,38
Ambos sexos;49 Zamora;2010;83,45
Ambos sexos;49 Zamora;2009;82,97
Ambos sexos;49 Zamora;2008;82,54
Ambos sexos;49 Zamora;2007;82,49
Ambos sexos;49 Zamora;2006;82,06
Ambos sexos;49 Zamora;2005;81,67
Ambos sexos;49 Zamora;2004;82,19
Ambos sexos;49 Zamora;2003;80,44
Ambos sexos;49 Zamora;2002;80,65
Ambos sexos;49 Zamora;2001;81,50
Ambos sexos;49 Zamora;2000;81,58
Ambos sexos;49 Zamora;1999;79,93
Ambos sexos;49 Zamora;1998;80,44
Ambos sexos;49 Zamora;1997;80,72
Ambos sexos;49 Zamora;1996;80,40
Ambos sexos;49 Zamora;1995;79,27
Ambos sexos;49 Zamora;1994;79,23
Ambos sexos;49 Zamora;1993;79,52
Ambos sexos;49 Zamora;1992;78,25
Ambos sexos;49 Zamora;1991;78,22
Ambos sexos;49 Zamora;1990;77,99
Ambos sexos;49 Zamora;1989;78,34
Ambos sexos;49 Zamora;1988;78,21
Ambos sexos;49 Zamora;1987;77,94
Ambos sexos;49 Zamora;1986;77,14
Ambos sexos;49 Zamora;1985;77,05
Ambos sexos;49 Zamora;1984;76,39
Ambos sexos;49 Zamora;1983;76,34
Ambos sexos;49 Zamora;1982;76,44
Ambos sexos;49 Zamora;1981;76,07
Ambos sexos;49 Zamora;1980;76,54
Ambos sexos;49 Zamora;1979;75,55
Ambos sexos;49 Zamora;1978;74,54
Ambos sexos;49 Zamora;1977;74,14
Ambos sexos;49 Zamora;1976;74,53
Ambos sexos;49 Zamora;1975;73,81
Ambos sexos;50 Zaragoza;2023;83,97
Ambos sexos;50 Zaragoza;2022;83,07
Ambos sexos;50 Zaragoza;2021;83,08
Ambos sexos;50 Zaragoza;2020;82,22
Ambos sexos;50 Zaragoza;2019;83,78
Ambos sexos;50 Zaragoza;2018;83,43
Ambos sexos;50 Zaragoza;2017;83,16
Ambos sexos;50 Zaragoza;2016;83,35
Ambos sexos;50 Zaragoza;2015;82,69
Ambos sexos;50 Zaragoza;2014;82,71
Ambos sexos;50 Zaragoza;2013;82,98
Ambos sexos;50 Zaragoza;2012;82,55
Ambos sexos;50 Zaragoza;2011;82,18
Ambos sexos;50 Zaragoza;2010;82,13
Ambos sexos;50 Zaragoza;2009;81,86
Ambos sexos;50 Zaragoza;2008;81,55
Ambos sexos;50 Zaragoza;2007;81,08
Ambos sexos;50 Zaragoza;2006;81,27
Ambos sexos;50 Zaragoza;2005;80,39
Ambos sexos;50 Zaragoza;2004;80,16
Ambos sexos;50 Zaragoza;2003;79,94
Ambos sexos;50 Zaragoza;2002;80,22
Ambos sexos;50 Zaragoza;2001;80,04
Ambos sexos;50 Zaragoza;2000;79,68
Ambos sexos;50 Zaragoza;1999;79,01
Ambos sexos;50 Zaragoza;1998;79,37
Ambos sexos;50 Zaragoza;1997;79,04
Ambos sexos;50 Zaragoza;1996;78,85
Ambos sexos;50 Zaragoza;1995;78,60
Ambos sexos;50 Zaragoza;1994;78,69
Ambos sexos;50 Zaragoza;1993;78,13
Ambos sexos;50 Zaragoza;1992;78,44
Ambos sexos;50 Zaragoza;1991;77,75
Ambos sexos;50 Zaragoza;1990;77,22
Ambos sexos;50 Zaragoza;1989;77,06
Ambos sexos;50 Zaragoza;1988;77,39
Ambos sexos;50 Zaragoza;1987;77,22
Ambos sexos;50 Zaragoza;1986;77,16
Ambos sexos;50 Zaragoza;1985;76,48
Ambos sexos;50 Zaragoza;1984;76,66
Ambos sexos;50 Zaragoza;1983;76,83
Ambos sexos;50 Zaragoza;1982;76,59
Ambos sexos;50 Zaragoza;1981;76,12
Ambos sexos;50 Zaragoza;1980;75,94
Ambos sexos;50 Zaragoza;1979;75,37
Ambos sexos;50 Zaragoza;1978;75,04
Ambos sexos;50 Zaragoza;1977;74,99
Ambos sexos;50 Zaragoza;1976;74,49
Ambos sexos;50 Zaragoza;1975;73,91
Ambos sexos;51 Ceuta;2023;81,11
Ambos sexos;51 Ceuta;2022;79,71
Ambos sexos;51 Ceuta;2021;78,30
Ambos sexos;51 Ceuta;2020;79,14
Ambos sexos;51 Ceuta;2019;80,42
Ambos sexos;51 Ceuta;2018;80,39
Ambos sexos;51 Ceuta;2017;79,19
Ambos sexos;51 Ceuta;2016;80,63
Ambos sexos;51 Ceuta;2015;80,18
Ambos sexos;51 Ceuta;2014;79,82
Ambos sexos;51 Ceuta;2013;79,35
Ambos sexos;51 Ceuta;2012;80,17
Ambos sexos;51 Ceuta;2011;79,43
Ambos sexos;51 Ceuta;2010;78,52
Ambos sexos;51 Ceuta;2009;78,09
Ambos sexos;51 Ceuta;2008;78,76
Ambos sexos;51 Ceuta;2007;77,92
Ambos sexos;51 Ceuta;2006;78,16
Ambos sexos;51 Ceuta;2005;77,95
Ambos sexos;51 Ceuta;2004;77,89
Ambos sexos;51 Ceuta;2003;77,58
Ambos sexos;51 Ceuta;2002;76,77
Ambos sexos;51 Ceuta;2001;77,95
Ambos sexos;51 Ceuta;2000;78,08
Ambos sexos;51 Ceuta;1999;76,21
Ambos sexos;51 Ceuta;1998;75,76
Ambos sexos;51 Ceuta;1997;76,04
Ambos sexos;51 Ceuta;1996;74,97
Ambos sexos;51 Ceuta;1995;75,88
Ambos sexos;51 Ceuta;1994;75,98
Ambos sexos;51 Ceuta;1993;75,74
Ambos sexos;51 Ceuta;1992;75,97
Ambos sexos;51 Ceuta;1991;74,80
Ambos sexos;51 Ceuta;1990;73,23
Ambos sexos;51 Ceuta;1989;74,50
Ambos sexos;51 Ceuta;1988;74,43
Ambos sexos;51 Ceuta;1987;74,41
Ambos sexos;51 Ceuta;1986;73,51
Ambos sexos;51 Ceuta;1985;72,30
Ambos sexos;51 Ceuta;1984;73,59
Ambos sexos;51 Ceuta;1983;73,17
Ambos sexos;51 Ceuta;1982;72,35
Ambos sexos;51 Ceuta;1981;72,85
Ambos sexos;51 Ceuta;1980;71,43
Ambos sexos;51 Ceuta;1979;70,95
Ambos sexos;51 Ceuta;1978;69,91
Ambos sexos;51 Ceuta;1977;71,60
Ambos sexos;51 Ceuta;1976;70,59
Ambos sexos;51 Ceuta;1975;70,35
Ambos sexos;52 Melilla;2023;81,61
Ambos sexos;52 Melilla;2022;81,55
Ambos sexos;52 Melilla;2021;79,72
Ambos sexos;52 Melilla;2020;78,82
Ambos sexos;52 Melilla;2019;80,67
Ambos sexos;52 Melilla;2018;80,18
Ambos sexos;52 Melilla;2017;80,21
Ambos sexos;52 Melilla;2016;80,43
Ambos sexos;52 Melilla;2015;79,88
Ambos sexos;52 Melilla;2014;80,03
Ambos sexos;52 Melilla;2013;80,33
Ambos sexos;52 Melilla;2012;80,29
Ambos sexos;52 Melilla;2011;79,93
Ambos sexos;52 Melilla;2010;81,13
Ambos sexos;52 Melilla;2009;80,56
Ambos sexos;52 Melilla;2008;78,41
Ambos sexos;52 Melilla;2007;78,78
Ambos sexos;52 Melilla;2006;78,21
Ambos sexos;52 Melilla;2005;78,53
Ambos sexos;52 Melilla;2004;77,66
Ambos sexos;52 Melilla;2003;77,18
Ambos sexos;52 Melilla;2002;77,31
Ambos sexos;52 Melilla;2001;77,40
Ambos sexos;52 Melilla;2000;76,87
Ambos sexos;52 Melilla;1999;77,14
Ambos sexos;52 Melilla;1998;75,27
Ambos sexos;52 Melilla;1997;76,16
Ambos sexos;52 Melilla;1996;77,22
Ambos sexos;52 Melilla;1995;76,25
Ambos sexos;52 Melilla;1994;75,20
Ambos sexos;52 Melilla;1993;76,24
Ambos sexos;52 Melilla;1992;78,14
Ambos sexos;52 Melilla;1991;76,12
Ambos sexos;52 Melilla;1990;74,57
Ambos sexos;52 Melilla;1989;74,94
Ambos sexos;52 Melilla;1988;73,68
Ambos sexos;52 Melilla;1987;75,54
Ambos sexos;52 Melilla;1986;74,62
Ambos sexos;52 Melilla;1985;74,69
Ambos sexos;52 Melilla;1984;74,53
Ambos sexos;52 Melilla;1983;74,71
Ambos sexos;52 Melilla;1982;74,55
Ambos sexos;52 Melilla;1981;74,54
Ambos sexos;52 Melilla;1980;73,90
Ambos sexos;52 Melilla;1979;72,63
Ambos sexos;52 Melilla;1978;71,93
Ambos sexos;52 Melilla;1977;73,33
Ambos sexos;52 Melilla;1976;73,08
Ambos sexos;52 Melilla;1975;73,38
